generation,best_g_mean,best_num_features,fitness_model,best_generation,max_g_mean
0,0.6657921055748192,54,LogisticRegression,45,0.682522165074246
1,0.6657921055748192,54,LogisticRegression,45,0.682522165074246
2,0.6657921055748192,54,LogisticRegression,45,0.682522165074246
3,0.6657921055748192,54,LogisticRegression,45,0.682522165074246
4,0.6688267988219762,41,LogisticRegression,45,0.682522165074246
5,0.6721887932406577,53,LogisticRegression,45,0.682522165074246
6,0.6721887932406577,53,LogisticRegression,45,0.682522165074246
7,0.6721887932406577,53,LogisticRegression,45,0.682522165074246
8,0.6721887932406577,53,LogisticRegression,45,0.682522165074246
9,0.6721887932406577,53,LogisticRegression,45,0.682522165074246
10,0.6721887932406577,53,LogisticRegression,45,0.682522165074246
11,0.6791519016698561,28,LogisticRegression,45,0.682522165074246
12,0.6791519016698561,28,LogisticRegression,45,0.682522165074246
13,0.6791519016698561,28,LogisticRegression,45,0.682522165074246
14,0.6791519016698561,28,LogisticRegression,45,0.682522165074246
15,0.6791519016698561,28,LogisticRegression,45,0.682522165074246
16,0.6791519016698561,28,LogisticRegression,45,0.682522165074246
17,0.6791519016698561,28,LogisticRegression,45,0.682522165074246
18,0.6791519016698561,28,LogisticRegression,45,0.682522165074246
19,0.6791519016698561,28,LogisticRegression,45,0.682522165074246
20,0.6791519016698561,28,LogisticRegression,45,0.682522165074246
21,0.6791519016698561,28,LogisticRegression,45,0.682522165074246
22,0.6791519016698561,28,LogisticRegression,45,0.682522165074246
23,0.6791519016698561,28,LogisticRegression,45,0.682522165074246
24,0.6791519016698561,28,LogisticRegression,45,0.682522165074246
25,0.6791519016698561,28,LogisticRegression,45,0.682522165074246
26,0.6791519016698561,28,LogisticRegression,45,0.682522165074246
27,0.6791519016698561,28,LogisticRegression,45,0.682522165074246
28,0.6791519016698561,28,LogisticRegression,45,0.682522165074246
29,0.6791519016698561,28,LogisticRegression,45,0.682522165074246
30,0.6791519016698561,28,LogisticRegression,45,0.682522165074246
31,0.6791519016698561,28,LogisticRegression,45,0.682522165074246
32,0.6791519016698561,28,LogisticRegression,45,0.682522165074246
33,0.6791519016698561,28,LogisticRegression,45,0.682522165074246
34,0.6791519016698561,28,LogisticRegression,45,0.682522165074246
35,0.6791519016698561,28,LogisticRegression,45,0.682522165074246
36,0.6791519016698561,28,LogisticRegression,45,0.682522165074246
37,0.6791519016698561,28,LogisticRegression,45,0.682522165074246
38,0.6791519016698561,28,LogisticRegression,45,0.682522165074246
39,0.6791519016698561,28,LogisticRegression,45,0.682522165074246
40,0.6791519016698561,28,LogisticRegression,45,0.682522165074246
41,0.6791519016698561,28,LogisticRegression,45,0.682522165074246
42,0.6791519016698561,28,LogisticRegression,45,0.682522165074246
43,0.6791519016698561,28,LogisticRegression,45,0.682522165074246
44,0.6791519016698561,28,LogisticRegression,45,0.682522165074246
45,0.682522165074246,30,LogisticRegression,45,0.682522165074246
46,0.682522165074246,30,LogisticRegression,45,0.682522165074246
47,0.682522165074246,30,LogisticRegression,45,0.682522165074246
48,0.682522165074246,30,LogisticRegression,45,0.682522165074246
49,0.682522165074246,30,LogisticRegression,45,0.682522165074246
50,0.682522165074246,30,LogisticRegression,45,0.682522165074246
51,0.682522165074246,30,LogisticRegression,45,0.682522165074246
52,0.682522165074246,30,LogisticRegression,45,0.682522165074246
53,0.682522165074246,30,LogisticRegression,45,0.682522165074246
54,0.682522165074246,30,LogisticRegression,45,0.682522165074246
55,0.682522165074246,30,LogisticRegression,45,0.682522165074246
56,0.682522165074246,30,LogisticRegression,45,0.682522165074246
57,0.682522165074246,30,LogisticRegression,45,0.682522165074246
58,0.682522165074246,30,LogisticRegression,45,0.682522165074246
59,0.682522165074246,30,LogisticRegression,45,0.682522165074246
60,0.682522165074246,30,LogisticRegression,45,0.682522165074246
61,0.682522165074246,30,LogisticRegression,45,0.682522165074246
62,0.682522165074246,30,LogisticRegression,45,0.682522165074246
63,0.682522165074246,30,LogisticRegression,45,0.682522165074246
64,0.682522165074246,30,LogisticRegression,45,0.682522165074246
65,0.682522165074246,30,LogisticRegression,45,0.682522165074246
66,0.682522165074246,30,LogisticRegression,45,0.682522165074246
67,0.682522165074246,30,LogisticRegression,45,0.682522165074246
68,0.682522165074246,30,LogisticRegression,45,0.682522165074246
69,0.682522165074246,30,LogisticRegression,45,0.682522165074246
70,0.682522165074246,30,LogisticRegression,45,0.682522165074246
71,0.682522165074246,30,LogisticRegression,45,0.682522165074246
72,0.682522165074246,30,LogisticRegression,45,0.682522165074246
73,0.682522165074246,30,LogisticRegression,45,0.682522165074246
74,0.682522165074246,30,LogisticRegression,45,0.682522165074246
75,0.682522165074246,30,LogisticRegression,45,0.682522165074246
76,0.682522165074246,30,LogisticRegression,45,0.682522165074246
77,0.682522165074246,30,LogisticRegression,45,0.682522165074246
78,0.682522165074246,30,LogisticRegression,45,0.682522165074246
79,0.682522165074246,30,LogisticRegression,45,0.682522165074246
80,0.682522165074246,30,LogisticRegression,45,0.682522165074246
0,0.669049793300981,42,SVC,22,0.6824592238801903
1,0.6749098748462029,59,SVC,22,0.6824592238801903
2,0.6749098748462029,59,SVC,22,0.6824592238801903
3,0.6749098748462029,59,SVC,22,0.6824592238801903
4,0.6749098748462029,59,SVC,22,0.6824592238801903
5,0.6749098748462029,59,SVC,22,0.6824592238801903
6,0.6749098748462029,59,SVC,22,0.6824592238801903
7,0.6749098748462029,59,SVC,22,0.6824592238801903
8,0.6749098748462029,59,SVC,22,0.6824592238801903
9,0.6749098748462029,59,SVC,22,0.6824592238801903
10,0.6749098748462029,59,SVC,22,0.6824592238801903
11,0.6749098748462029,59,SVC,22,0.6824592238801903
12,0.6749098748462029,59,SVC,22,0.6824592238801903
13,0.6768810960140222,48,SVC,22,0.6824592238801903
14,0.6768810960140222,48,SVC,22,0.6824592238801903
15,0.6768810960140222,48,SVC,22,0.6824592238801903
16,0.6768810960140222,48,SVC,22,0.6824592238801903
17,0.6768810960140222,48,SVC,22,0.6824592238801903
18,0.6768810960140222,48,SVC,22,0.6824592238801903
19,0.6796232814040877,53,SVC,22,0.6824592238801903
20,0.6796232814040877,53,SVC,22,0.6824592238801903
21,0.6796232814040877,53,SVC,22,0.6824592238801903
22,0.6824592238801903,52,SVC,22,0.6824592238801903
23,0.6824592238801903,52,SVC,22,0.6824592238801903
24,0.6824592238801903,52,SVC,22,0.6824592238801903
25,0.6824592238801903,52,SVC,22,0.6824592238801903
26,0.6824592238801903,52,SVC,22,0.6824592238801903
27,0.6824592238801903,52,SVC,22,0.6824592238801903
28,0.6824592238801903,52,SVC,22,0.6824592238801903
29,0.6824592238801903,52,SVC,22,0.6824592238801903
30,0.6824592238801903,52,SVC,22,0.6824592238801903
31,0.6824592238801903,52,SVC,22,0.6824592238801903
32,0.6824592238801903,52,SVC,22,0.6824592238801903
33,0.6824592238801903,52,SVC,22,0.6824592238801903
34,0.6824592238801903,52,SVC,22,0.6824592238801903
35,0.6824592238801903,52,SVC,22,0.6824592238801903
36,0.6824592238801903,52,SVC,22,0.6824592238801903
37,0.6824592238801903,52,SVC,22,0.6824592238801903
38,0.6824592238801903,52,SVC,22,0.6824592238801903
39,0.6824592238801903,52,SVC,22,0.6824592238801903
40,0.6824592238801903,52,SVC,22,0.6824592238801903
41,0.6824592238801903,52,SVC,22,0.6824592238801903
42,0.6824592238801903,52,SVC,22,0.6824592238801903
43,0.6824592238801903,52,SVC,22,0.6824592238801903
44,0.6824592238801903,52,SVC,22,0.6824592238801903
45,0.6824592238801903,52,SVC,22,0.6824592238801903
46,0.6824592238801903,52,SVC,22,0.6824592238801903
47,0.6824592238801903,52,SVC,22,0.6824592238801903
48,0.6824592238801903,52,SVC,22,0.6824592238801903
49,0.6824592238801903,52,SVC,22,0.6824592238801903
50,0.6824592238801903,52,SVC,22,0.6824592238801903
51,0.6824592238801903,52,SVC,22,0.6824592238801903
52,0.6824592238801903,52,SVC,22,0.6824592238801903
53,0.6824592238801903,52,SVC,22,0.6824592238801903
54,0.6824592238801903,52,SVC,22,0.6824592238801903
55,0.6824592238801903,52,SVC,22,0.6824592238801903
56,0.6824592238801903,52,SVC,22,0.6824592238801903
57,0.6824592238801903,52,SVC,22,0.6824592238801903
58,0.6824592238801903,52,SVC,22,0.6824592238801903
59,0.6824592238801903,52,SVC,22,0.6824592238801903
60,0.6824592238801903,52,SVC,22,0.6824592238801903
61,0.6824592238801903,52,SVC,22,0.6824592238801903
62,0.6824592238801903,52,SVC,22,0.6824592238801903
63,0.6824592238801903,52,SVC,22,0.6824592238801903
64,0.6824592238801903,52,SVC,22,0.6824592238801903
65,0.6824592238801903,52,SVC,22,0.6824592238801903
66,0.6824592238801903,52,SVC,22,0.6824592238801903
67,0.6824592238801903,52,SVC,22,0.6824592238801903
68,0.6824592238801903,52,SVC,22,0.6824592238801903
69,0.6824592238801903,52,SVC,22,0.6824592238801903
70,0.6824592238801903,52,SVC,22,0.6824592238801903
71,0.6824592238801903,52,SVC,22,0.6824592238801903
72,0.6824592238801903,52,SVC,22,0.6824592238801903
73,0.6824592238801903,52,SVC,22,0.6824592238801903
74,0.6824592238801903,52,SVC,22,0.6824592238801903
75,0.6824592238801903,52,SVC,22,0.6824592238801903
76,0.6824592238801903,52,SVC,22,0.6824592238801903
77,0.6824592238801903,52,SVC,22,0.6824592238801903
78,0.6824592238801903,52,SVC,22,0.6824592238801903
79,0.6824592238801903,52,SVC,22,0.6824592238801903
80,0.6824592238801903,52,SVC,22,0.6824592238801903
0,0.6615674727790773,53,RandomForest,40,0.6694404793081845
1,0.6645623731689049,58,RandomForest,40,0.6694404793081845
2,0.6645623731689049,58,RandomForest,40,0.6694404793081845
3,0.6645623731689049,58,RandomForest,40,0.6694404793081845
4,0.6645623731689049,58,RandomForest,40,0.6694404793081845
5,0.6657538222369767,44,RandomForest,40,0.6694404793081845
6,0.6664423366852572,59,RandomForest,40,0.6694404793081845
7,0.6664423366852572,59,RandomForest,40,0.6694404793081845
8,0.6664423366852572,59,RandomForest,40,0.6694404793081845
9,0.6664423366852572,59,RandomForest,40,0.6694404793081845
10,0.6677303061989398,58,RandomForest,40,0.6694404793081845
11,0.6677303061989398,58,RandomForest,40,0.6694404793081845
12,0.6677303061989398,58,RandomForest,40,0.6694404793081845
13,0.6677303061989398,58,RandomForest,40,0.6694404793081845
14,0.6677303061989398,58,RandomForest,40,0.6694404793081845
15,0.6677303061989398,58,RandomForest,40,0.6694404793081845
16,0.6677303061989398,58,RandomForest,40,0.6694404793081845
17,0.6677303061989398,58,RandomForest,40,0.6694404793081845
18,0.6677303061989398,58,RandomForest,40,0.6694404793081845
19,0.6677303061989398,58,RandomForest,40,0.6694404793081845
20,0.6677303061989398,58,RandomForest,40,0.6694404793081845
21,0.6677303061989398,58,RandomForest,40,0.6694404793081845
22,0.6677303061989398,58,RandomForest,40,0.6694404793081845
23,0.6677303061989398,58,RandomForest,40,0.6694404793081845
24,0.6677303061989398,58,RandomForest,40,0.6694404793081845
25,0.6677303061989398,58,RandomForest,40,0.6694404793081845
26,0.6677303061989398,58,RandomForest,40,0.6694404793081845
27,0.6677303061989398,58,RandomForest,40,0.6694404793081845
28,0.6677303061989398,58,RandomForest,40,0.6694404793081845
29,0.6677303061989398,58,RandomForest,40,0.6694404793081845
30,0.6677303061989398,58,RandomForest,40,0.6694404793081845
31,0.6677303061989398,58,RandomForest,40,0.6694404793081845
32,0.6677303061989398,58,RandomForest,40,0.6694404793081845
33,0.6677303061989398,58,RandomForest,40,0.6694404793081845
34,0.6677303061989398,58,RandomForest,40,0.6694404793081845
35,0.6677303061989398,58,RandomForest,40,0.6694404793081845
36,0.6677303061989398,58,RandomForest,40,0.6694404793081845
37,0.6677303061989398,58,RandomForest,40,0.6694404793081845
38,0.6677303061989398,58,RandomForest,40,0.6694404793081845
39,0.6677303061989398,58,RandomForest,40,0.6694404793081845
40,0.6694404793081845,45,RandomForest,40,0.6694404793081845
41,0.6694404793081845,45,RandomForest,40,0.6694404793081845
42,0.6694404793081845,45,RandomForest,40,0.6694404793081845
43,0.6694404793081845,45,RandomForest,40,0.6694404793081845
44,0.6694404793081845,45,RandomForest,40,0.6694404793081845
45,0.6694404793081845,45,RandomForest,40,0.6694404793081845
46,0.6694404793081845,45,RandomForest,40,0.6694404793081845
47,0.6694404793081845,45,RandomForest,40,0.6694404793081845
48,0.6694404793081845,45,RandomForest,40,0.6694404793081845
49,0.6694404793081845,45,RandomForest,40,0.6694404793081845
50,0.6694404793081845,45,RandomForest,40,0.6694404793081845
51,0.6694404793081845,45,RandomForest,40,0.6694404793081845
52,0.6694404793081845,45,RandomForest,40,0.6694404793081845
53,0.6694404793081845,45,RandomForest,40,0.6694404793081845
54,0.6694404793081845,45,RandomForest,40,0.6694404793081845
55,0.6694404793081845,45,RandomForest,40,0.6694404793081845
56,0.6694404793081845,45,RandomForest,40,0.6694404793081845
57,0.6694404793081845,45,RandomForest,40,0.6694404793081845
58,0.6694404793081845,45,RandomForest,40,0.6694404793081845
59,0.6694404793081845,45,RandomForest,40,0.6694404793081845
60,0.6694404793081845,45,RandomForest,40,0.6694404793081845
61,0.6694404793081845,45,RandomForest,40,0.6694404793081845
62,0.6694404793081845,45,RandomForest,40,0.6694404793081845
63,0.6694404793081845,45,RandomForest,40,0.6694404793081845
64,0.6694404793081845,45,RandomForest,40,0.6694404793081845
65,0.6694404793081845,45,RandomForest,40,0.6694404793081845
66,0.6694404793081845,45,RandomForest,40,0.6694404793081845
67,0.6694404793081845,45,RandomForest,40,0.6694404793081845
68,0.6694404793081845,45,RandomForest,40,0.6694404793081845
69,0.6694404793081845,45,RandomForest,40,0.6694404793081845
70,0.6694404793081845,45,RandomForest,40,0.6694404793081845
71,0.6694404793081845,45,RandomForest,40,0.6694404793081845
72,0.6694404793081845,45,RandomForest,40,0.6694404793081845
73,0.6694404793081845,45,RandomForest,40,0.6694404793081845
74,0.6694404793081845,45,RandomForest,40,0.6694404793081845
75,0.6694404793081845,45,RandomForest,40,0.6694404793081845
76,0.6694404793081845,45,RandomForest,40,0.6694404793081845
77,0.6694404793081845,45,RandomForest,40,0.6694404793081845
78,0.6694404793081845,45,RandomForest,40,0.6694404793081845
79,0.6694404793081845,45,RandomForest,40,0.6694404793081845
80,0.6694404793081845,45,RandomForest,40,0.6694404793081845
0,0.624284559751116,13,DecisionTree_depth3,63,0.6416798255568268
1,0.6282613189241056,26,DecisionTree_depth3,63,0.6416798255568268
2,0.6282613189241056,26,DecisionTree_depth3,63,0.6416798255568268
3,0.6282613189241056,26,DecisionTree_depth3,63,0.6416798255568268
4,0.6282613189241056,26,DecisionTree_depth3,63,0.6416798255568268
5,0.6297383009944951,17,DecisionTree_depth3,63,0.6416798255568268
6,0.6317326607710243,19,DecisionTree_depth3,63,0.6416798255568268
7,0.6317326607710243,19,DecisionTree_depth3,63,0.6416798255568268
8,0.6317326607710243,19,DecisionTree_depth3,63,0.6416798255568268
9,0.6317326607710243,19,DecisionTree_depth3,63,0.6416798255568268
10,0.6317326607710243,10,DecisionTree_depth3,63,0.6416798255568268
11,0.6317326607710243,10,DecisionTree_depth3,63,0.6416798255568268
12,0.6317326607710243,10,DecisionTree_depth3,63,0.6416798255568268
13,0.6317326607710243,10,DecisionTree_depth3,63,0.6416798255568268
14,0.6317326607710243,10,DecisionTree_depth3,63,0.6416798255568268
15,0.633499054602157,10,DecisionTree_depth3,63,0.6416798255568268
16,0.633499054602157,10,DecisionTree_depth3,63,0.6416798255568268
17,0.6341896831006507,9,DecisionTree_depth3,63,0.6416798255568268
18,0.6341896831006507,9,DecisionTree_depth3,63,0.6416798255568268
19,0.6345876394198082,11,DecisionTree_depth3,63,0.6416798255568268
20,0.6345876394198082,11,DecisionTree_depth3,63,0.6416798255568268
21,0.6345876394198082,11,DecisionTree_depth3,63,0.6416798255568268
22,0.63879995806906,27,DecisionTree_depth3,63,0.6416798255568268
23,0.6391849994637828,15,DecisionTree_depth3,63,0.6416798255568268
24,0.6391849994637828,18,DecisionTree_depth3,63,0.6416798255568268
25,0.6391849994637828,18,DecisionTree_depth3,63,0.6416798255568268
26,0.6393153612379803,19,DecisionTree_depth3,63,0.6416798255568268
27,0.6393153612379803,20,DecisionTree_depth3,63,0.6416798255568268
28,0.6393153612379803,19,DecisionTree_depth3,63,0.6416798255568268
29,0.6401789994347561,25,DecisionTree_depth3,63,0.6416798255568268
30,0.6401789994347561,25,DecisionTree_depth3,63,0.6416798255568268
31,0.6401789994347561,25,DecisionTree_depth3,63,0.6416798255568268
32,0.6401789994347561,25,DecisionTree_depth3,63,0.6416798255568268
33,0.640858121817458,9,DecisionTree_depth3,63,0.6416798255568268
34,0.640858121817458,9,DecisionTree_depth3,63,0.6416798255568268
35,0.640858121817458,9,DecisionTree_depth3,63,0.6416798255568268
36,0.640858121817458,9,DecisionTree_depth3,63,0.6416798255568268
37,0.640858121817458,9,DecisionTree_depth3,63,0.6416798255568268
38,0.640858121817458,9,DecisionTree_depth3,63,0.6416798255568268
39,0.640858121817458,9,DecisionTree_depth3,63,0.6416798255568268
40,0.640858121817458,9,DecisionTree_depth3,63,0.6416798255568268
41,0.640858121817458,9,DecisionTree_depth3,63,0.6416798255568268
42,0.640858121817458,9,DecisionTree_depth3,63,0.6416798255568268
43,0.640997003762288,16,DecisionTree_depth3,63,0.6416798255568268
44,0.640997003762288,16,DecisionTree_depth3,63,0.6416798255568268
45,0.640997003762288,16,DecisionTree_depth3,63,0.6416798255568268
46,0.640997003762288,16,DecisionTree_depth3,63,0.6416798255568268
47,0.640997003762288,16,DecisionTree_depth3,63,0.6416798255568268
48,0.640997003762288,16,DecisionTree_depth3,63,0.6416798255568268
49,0.640997003762288,16,DecisionTree_depth3,63,0.6416798255568268
50,0.640997003762288,19,DecisionTree_depth3,63,0.6416798255568268
51,0.640997003762288,19,DecisionTree_depth3,63,0.6416798255568268
52,0.640997003762288,19,DecisionTree_depth3,63,0.6416798255568268
53,0.640997003762288,23,DecisionTree_depth3,63,0.6416798255568268
54,0.640997003762288,23,DecisionTree_depth3,63,0.6416798255568268
55,0.640997003762288,23,DecisionTree_depth3,63,0.6416798255568268
56,0.640997003762288,23,DecisionTree_depth3,63,0.6416798255568268
57,0.640997003762288,23,DecisionTree_depth3,63,0.6416798255568268
58,0.640997003762288,23,DecisionTree_depth3,63,0.6416798255568268
59,0.640997003762288,23,DecisionTree_depth3,63,0.6416798255568268
60,0.640997003762288,23,DecisionTree_depth3,63,0.6416798255568268
61,0.640997003762288,23,DecisionTree_depth3,63,0.6416798255568268
62,0.640997003762288,15,DecisionTree_depth3,63,0.6416798255568268
63,0.6416798255568268,18,DecisionTree_depth3,63,0.6416798255568268
64,0.6416798255568268,18,DecisionTree_depth3,63,0.6416798255568268
65,0.6416798255568268,18,DecisionTree_depth3,63,0.6416798255568268
66,0.6416798255568268,18,DecisionTree_depth3,63,0.6416798255568268
67,0.6416798255568268,18,DecisionTree_depth3,63,0.6416798255568268
68,0.6416798255568268,18,DecisionTree_depth3,63,0.6416798255568268
69,0.6416798255568268,18,DecisionTree_depth3,63,0.6416798255568268
70,0.6416798255568268,18,DecisionTree_depth3,63,0.6416798255568268
71,0.6416798255568268,18,DecisionTree_depth3,63,0.6416798255568268
72,0.6416798255568268,18,DecisionTree_depth3,63,0.6416798255568268
73,0.6416798255568268,24,DecisionTree_depth3,63,0.6416798255568268
74,0.6416798255568268,26,DecisionTree_depth3,63,0.6416798255568268
75,0.6416798255568268,26,DecisionTree_depth3,63,0.6416798255568268
76,0.6416798255568268,26,DecisionTree_depth3,63,0.6416798255568268
77,0.6416798255568268,26,DecisionTree_depth3,63,0.6416798255568268
78,0.6416798255568268,26,DecisionTree_depth3,63,0.6416798255568268
79,0.6416798255568268,26,DecisionTree_depth3,63,0.6416798255568268
80,0.6416798255568268,26,DecisionTree_depth3,63,0.6416798255568268
