peso_entrevista,peso_examen_mec
56370.643535,97287.43959
70620.907816,91924.354102
77606.669651,98818.490876
30547.974564,46249.361849
33195.075408,37592.826841
37347.754081,50155.648011
18115.793305,21161.133581
47594.940466,51168.518681
27195.607017,32035.664033
9742.724221,13160.888306
11971.06532,16412.419716
62438.517829,91330.322035
24009.144902,23585.241001
104036.016152,128601.502273
20335.596218,29060.795607
58255.809004,53225.195963
54702.212005,91521.454075
26516.553379,34625.82199
20661.754548,24421.256193
12866.352098,14323.426526
95706.7613,112761.378013
58026.410662,87728.603458
51214.43506,72695.044255
20865.615409,27148.756669
18679.435575,26535.569581
10439.129526,16006.02357
63375.311425,88891.514175
46947.523295,71168.53759
23119.611492,32740.289798
11364.043018,14738.241434
13608.380841,14935.365863
25027.19295,29842.226415
33378.52091,35344.456696
49766.489428,56656.876143
33489.203093,45542.135395
62362.895905,73609.108468
74386.997915,122299.28007
44698.125359,67019.230741
23090.354583,29115.333161
101010.337287,136572.860433
18028.637262,21434.864135
33514.588178,55453.576543
17004.913776,22917.141582
54861.893533,70578.564805
33430.155622,37121.52646
19426.988341,35128.880595
43191.9233,43615.526945
15660.27367,19998.215647
46448.74551,58119.315697
15363.477257,19523.945561
89621.65738,108375.704308
29320.141625,28658.2811
72866.781586,103164.98441
22144.064273,25554.005354
57241.122372,68931.463403
124405.251044,170875.799883
88427.889763,115388.045856
75276.591283,78758.54805
89845.453144,153608.970141
27543.94172,28941.234839
43871.447511,46034.410239
15114.738885,17110.636787
10993.113516,11142.132561
51399.848669,72045.117161
73722.769443,95200.544023
36704.245959,45851.899711
40079.629909,59281.139734
37225.562646,45310.441752
16622.019338,22808.746542
19433.303285,20656.12533
90333.249037,107684.496426
93450.014992,110704.834805
29363.086919,38647.37037
54467.680038,64030.511628
35536.010486,43408.856359
23815.461935,26107.848094
18529.768721,41641.04913
27989.063345,49299.28274
17360.458922,19972.58451
27391.03995,28250.511109
92954.659878,100542.577581
29317.981125,57863.923188
18780.148054,22568.230654
42137.577236,49120.728205
13170.401421,19216.20707
30805.70502,34423.11386
16048.026524,17776.145106
23806.816452,42136.117413
56805.700868,123100.228033
20426.000481,22136.802765
82941.884573,82643.558297
56964.859031,73253.110263
7906.639387,9916.516833
7260.206881,9553.223629
17664.428606,20078.47469
9896.386134,13272.150612
60248.986292,115572.066919
48392.984245,56919.762293
76697.432542,86338.447334
25111.939874,27678.606125
21829.910451,29956.946402
26712.638364,35813.926169
12486.101333,13439.920637
6848.777702,7975.370961
45166.001656,59019.777837
12473.556882,20008.720148
14290.011189,14484.360487
68612.551481,84740.400189
110724.748091,164940.720013
20636.71842,21683.548692
17341.367426,19686.570042
44824.238874,68817.821161
18224.868089,31708.736884
8185.261434,12013.029382
35652.819468,52922.571651
29753.154074,43051.814656
61795.744688,85237.779867
22350.039013,34998.928821
78242.866321,89657.932049
22128.649145,41642.004473
71799.507443,103293.809557
85301.770556,116541.232744
39610.404823,50613.264495
89103.679157,101596.8425
127118.629673,180428.854652
40606.472539,37626.998575
53884.657143,64703.755337
26161.866786,30127.292117
12368.934574,14053.158397
11844.04553,16551.113584
32011.298289,39743.870852
47543.973545,67653.996758
11370.869633,14882.323861
26375.631115,32076.199706
32268.248205,35654.056045
18001.775186,18577.705767
19575.436607,27318.811384
13190.519097,15915.849268
61649.900919,81331.665737
27414.453735,32542.609494
16082.176902,24096.437855
35505.357384,34568.444429
18115.793305,21161.133581
68886.248557,93643.811637
8894.167921,10066.657625
21601.720938,28647.723053
13458.945558,14780.777226
13707.692534,15013.484315
15486.028422,17705.26327
13304.681926,15630.819993
22465.334809,23697.046645
38645.998647,55482.574596
36166.215237,38221.682367
18283.851655,22367.359058
41608.631842,47395.902674
76529.558116,103669.275043
16076.247553,17221.080222
22560.510482,31098.963842
40519.082605,60184.10793
13927.611498,14690.951714
33430.155622,37121.52646
11453.000412,14058.280775
30192.814785,37992.065285
37028.893482,42163.991924
27354.997357,33740.430301
7606.62587,11506.733342
18869.650659,28931.151918
13917.405337,15598.990558
53191.99729,79432.273573
53517.058412,59638.106032
26640.865362,27808.418308
10695.175526,13043.792903
23763.877971,48641.214982
12662.147923,20982.520495
12143.226302,11247.223188
20659.505959,23564.352749
29776.158859,36807.049162
49506.36478,66483.885505
19556.343345,21864.099749
55823.676581,64541.709009
63096.727651,69925.49824
19418.444846,23986.664879
16286.200362,17196.82878
51484.648937,59236.314274
32046.663454,36784.983647
22878.703206,35781.488886
38617.823251,43868.684839
49666.459137,61142.180449
12603.728108,12974.851673
7500.182041,9768.702582
14986.080445,20023.635874
28498.910176,37488.007744
34699.065571,39569.635047
9317.791962,9882.798229
23367.440233,25511.338429
27380.030488,31808.322582
23142.041305,25653.599686
72334.190067,81717.401124
34018.811539,44753.485865
15065.256952,14701.94815
72495.686158,86080.463168
36473.285567,49857.612334
15731.982438,17500.90913
69417.110233,109262.21007
37418.420755,50285.208016
59747.175157,68280.470785
38690.723574,45592.026459
10651.603128,12326.796506
54472.77831,70185.720172
42188.410965,53000.389183
40970.621896,55323.093206
18278.290814,18538.054247
20534.938512,20760.054437
66969.092809,75291.205683
25806.223768,30649.962418
43068.531318,57600.057913
25889.838904,30786.888113
12130.156759,12810.128642
164370.341365,216127.415939
12646.626852,11006.216028
17823.773895,18543.161349
15479.623937,18366.121158
15185.050099,18226.971027
11322.837108,14698.566065
23905.969083,23677.101323
47644.542217,57436.579538
18419.341813,25961.237792
31568.66696,55624.32473
30480.88202,27115.316793
19083.221877,30078.4812
36416.828161,54650.342493
26318.85205,26681.858377
20241.364021,26197.968881
26194.26252,29985.139166
19758.937105,25308.254429
44676.5546,57059.376316
32549.052276,48079.109701
12332.883669,16163.530104
23718.524237,26292.647131
17479.743286,20728.446337
32513.723938,39998.990545
26800.707356,27532.026269
15246.402128,27920.28482
29593.496171,31710.12108
18984.793198,23499.224522
29156.047669,40504.453429
34125.214673,36857.57889
32662.21114,43034.227442
41059.735239,39881.20867
21533.18342,29055.588698
35817.127291,55986.26926
12705.540224,14443.252958
26801.867364,31568.27502
11312.836441,11116.570924
24778.376004,27857.534363
42806.698102,60274.229063
26805.905354,27169.277424
47365.577028,101450.602112
30961.647989,37416.495322
48394.014825,58536.694605
28731.468411,36622.289397
27865.540906,28964.788077
33415.138153,45823.457772
10030.186859,13595.900843
41925.463225,51305.02443
11425.008839,12238.614335
20442.991004,25231.424611
14353.123778,19740.885238
13803.039291,20034.150646
29853.721503,37794.038334
14032.966705,18877.11602
52837.374922,82354.133341
31754.908546,51954.418585
22974.023766,27268.659446
30479.597757,34014.168423
57221.996523,74296.159004
77038.676458,86962.411396
22251.122174,25471.835394
8471.970237,10925.552812
27956.498328,33714.363048
28120.851188,34857.623672
56931.424579,70618.136539
94762.954037,106795.730927
14822.375783,17687.813217
15516.93196,13504.210035
18445.534878,22166.123743
11488.409588,12129.851566
81720.169704,94024.175266
22189.12119,31709.594776
37438.284837,35799.37965
46875.122869,80842.768679
41389.317811,53850.88125
19503.292947,34519.232893
23634.389602,27314.872638
23043.321459,28260.191516
56826.709594,79260.574138
21902.017191,28947.573923
74736.475911,102418.714698
8379.823329,9037.730553
26575.461682,34488.402099
41796.498796,50136.653413
36688.827893,47476.417143
63465.998246,93821.237021
43874.804227,58755.026359
12070.484482,13431.674016
83125.938927,108758.856777
28866.832704,34916.899876
62090.495126,140672.964977
18069.354024,25041.811133
28565.599422,34327.473601
27526.093339,34083.910859
20426.000481,22136.802765
25508.867917,29978.972141
57808.22853,90661.703203
23019.482243,32037.042116
36845.20185,43922.591779
36616.959926,54842.673209
33434.758725,44797.032598
33250.569425,47087.576098
17431.445469,28945.617092
14787.045306,23969.290825
17398.14873,19403.231834
14635.251817,14024.274423
34796.393749,54130.432806
19146.727129,34064.800579
14184.85085,16033.873363
57806.108867,77975.433975
6848.777702,7975.370961
38259.03808,38294.513356
68786.279018,86548.379787
24359.897853,34520.340092
12933.157622,13313.981416
37335.381954,41457.969409
26643.908396,48782.80988
25850.69004,42191.800977
18770.816754,21426.8465
31949.957374,43404.687162
18734.036913,22623.445731
42805.326857,56287.901787
22666.300858,30846.238909
31993.470651,41345.834655
58698.264851,113723.46282
56683.302558,65217.690977
28410.871685,37840.66116
33742.530518,39691.400797
65833.728225,110706.586439
82593.209647,101473.392975
34526.632419,43228.085225
12590.306939,13262.775669
53828.062461,64890.953865
88145.094,127880.822636
23052.693721,27774.580395
34218.300082,31896.150972
15935.636897,16732.349552
29608.6281,40911.609167
12967.831545,13017.009987
30649.52844,43221.706153
18434.794833,22684.89191
26748.56944,40787.934527
7063.725523,6911.401088
10702.675678,10788.33738
18076.961541,21503.469923
35648.833745,42916.018162
53655.070659,68177.475491
63560.239969,87938.998653
14875.028471,18393.925249
21835.945552,29295.51817
81240.692509,73434.213973
17216.853173,16967.63488
70455.074469,64930.68547
24982.520981,27259.314698
18500.484058,19920.266302
13494.448525,18489.512042
29493.09189,42099.503891
34928.869741,46552.540613
15025.069394,20187.388952
50589.499706,82231.133603
43929.413747,49176.496642
24991.932185,28752.636945
35536.010486,40640.049031
20503.776218,21431.985362
26903.973076,31381.453127
23865.80146,31271.429748
25956.430503,29211.698142
10089.061707,11511.917291
7500.182041,9768.702582
42722.679829,54517.873409
62811.676916,88838.089592
44709.306185,71003.183611
70818.073404,83585.903377
74924.938771,92702.828339
14231.233589,17578.545142
22151.588775,19278.276673
83591.147244,106713.345365
25128.236219,32142.867283
51076.212376,57218.029283
92328.376166,128866.29511
16570.577614,22423.560781
21817.274975,25389.817687
30399.9366,36133.921056
69131.269026,100333.684173
52833.416802,63330.556231
58347.41195,74071.464439
15000.471789,20562.910236
38721.698964,44615.882837
16630.388349,28449.997205
68191.620012,83844.97034
22935.459252,21572.964934
21299.355934,31823.308977
7416.738711,8001.098134
19431.283437,29957.281608
43370.952505,60005.265323
14657.304595,16155.413034
37381.296038,64430.893777
15954.785981,33766.693663
15062.034429,21669.047269
54995.5493,48156.698371
20974.382895,56057.516891
42979.246924,49474.781277
12847.720654,13771.898834
11836.858038,12565.38358
74239.719914,92358.230009
35368.178306,52495.957075
19400.435715,21305.793769
31238.21526,35300.793732
64465.713502,98680.760783
44308.163482,58541.380939
26956.174193,34408.620518
27494.725854,33721.1298
24784.911692,31992.455268
58875.963382,76405.931759
33981.684645,53835.475242
19497.694391,31810.798884
35248.865005,45946.466985
26548.070121,28303.824231
64793.79649,85470.399471
16471.589789,17264.603767
21500.933897,26482.985241
12296.018047,13503.636131
44565.229987,52883.178241
30900.963781,37656.066115
20695.136105,25032.493383
22598.295353,25015.297087
47201.514891,67788.264892
22151.588775,19278.276673
13652.987193,18828.853694
73921.649702,118852.762001
7429.034939,9832.505708
11362.584174,12965.250125
16420.470628,21489.165869
19969.545762,30306.005166
27359.311001,23871.754386
8307.366334,14122.066703
20312.540212,22005.498737
79269.903956,103311.832003
19576.882461,21548.703413
66174.079385,74014.297249
12313.047196,13401.235387
30776.393844,31355.738007
55823.676581,65651.377625
23444.526975,35086.828811
26222.460026,35499.380703
53486.872498,59345.092856
10316.282287,11639.329435
29999.962066,37553.250018
24172.824416,48616.420428
53638.094157,60954.970143
14404.732571,15150.0552
55375.524082,76084.571207
13023.74231,15725.143931
42341.434582,59154.235479
20298.705859,38370.07455
9940.984222,12162.3454
28141.276917,33943.421442
30569.778699,31495.562453
20128.282224,26345.890235
32242.183793,37115.005618
16804.402957,23241.834206
26846.666928,43789.135446
14528.186183,17646.659445
21554.187968,29821.374299
14617.955899,15848.392067
101173.743541,149898.086234
13544.388486,16283.486023
24563.627253,26874.34837
26612.192605,35172.943478
26481.425626,27233.865707
30827.045909,56184.157048
29357.693889,28514.196931
38944.39077,57862.756094
29017.173202,33562.098592
42086.493124,52130.961204
19705.18599,24505.998245
16988.331554,16452.191997
114909.1124,125682.270497
28734.812186,35176.40099
37772.085641,54244.855497
12701.303491,13893.35509
14609.16676,15515.499079
21413.869873,37693.586967
62556.491694,72739.375239
26740.651375,38869.271697
83258.032027,108525.83251
28897.806078,39635.787491
8932.737478,9155.13611
23718.524237,26292.647131
11828.123241,16441.526078
17290.717503,38428.477065
56924.954544,81689.62636
49572.434664,59930.896291
39764.943222,61880.81689
18445.591463,23493.533031
57684.818581,72556.964281
37225.562646,45310.441752
32962.998792,40295.837824
26503.479972,27066.767967
64614.551633,113245.979448
28298.839182,35017.912573
23694.511007,25906.53242
102379.399189,138127.565319
27797.196914,26598.192076
29805.927093,43088.919117
9519.31259,13255.890853
29250.896326,35905.244505
33160.812519,49004.086477
21649.732729,31775.211775
43894.184561,55974.294452
24065.18817,32485.005667
16055.974362,18284.885197
21884.339461,32039.999703
40281.843757,54018.438437
30458.457837,45518.676841
31083.211749,34205.616069
22020.810787,26229.982796
21760.675243,26559.978475
15576.509775,17007.184345
15372.645897,16585.825493
19032.888841,28705.920729
28372.847437,33046.240021
54079.561981,57095.907176
58835.684643,75027.595591
13534.749408,12430.573095
33889.010478,36727.42207
33020.808912,39904.94765
24106.832237,26239.851399
36821.515974,64443.59777
76050.861896,117358.610254
7074.6327,9363.445855
22080.329455,19831.906404
31422.813367,34892.532689
66830.93412,79247.266316
15298.384306,16605.839728
30829.97777,34356.389049
17656.158687,23657.358004
15290.663732,16559.610549
55559.595347,64016.829394
24955.117129,27445.794233
57436.506594,81638.340417
15201.110377,14272.718651
11308.169438,11493.339454
16269.676092,15649.957024
18582.074219,27107.5562
17201.717313,18136.335638
61719.303406,78968.358237
9994.075715,10553.107412
39334.651776,45840.578575
12975.395694,17873.622722
42014.107841,55283.388665
55086.147896,65466.760616
27609.499029,33932.709302
33815.014048,44685.661593
10778.95765,13187.568058
14935.119814,20671.404189
19570.355667,21404.82126
26829.646862,33933.541007
8309.615002,10479.476199
20399.372327,23511.839097
41684.798942,49215.636111
13293.455801,13981.27929
47193.495482,73808.970678
104141.324619,133024.992584
25952.842574,32321.972175
26985.139818,30928.278581
37704.855084,80078.139838
30717.509354,44555.623814
11627.557174,12485.245308
19233.056227,25274.090384
17721.303392,25016.305572
47883.623387,55150.744701
148948.963231,196966.361811
28731.19161,36346.50825
29175.97952,36284.179367
86197.851373,133017.033494
75328.344522,103211.262503
22666.300858,30846.238909
39912.685634,53021.118662
9273.538669,12202.433098
12420.798056,17995.607158
18534.290645,22903.910968
23228.75048,32352.798329
21043.246562,26065.480602
10506.926461,14381.14963
9235.345402,15990.230655
28867.001782,35618.14734
39755.105831,48146.102742
31358.711397,30833.586087
46363.438204,54019.481381
106670.123599,108900.194579
15152.638431,21475.716362
13025.936381,13739.857867
68473.860733,83333.45778
26401.919856,32191.172068
14102.335602,28594.934981
54424.985151,67889.629946
14123.405177,24681.091782
23819.0096,64829.086776
18128.882035,26658.040007
20782.639952,30758.745945
59880.81271,83807.425064
37382.528112,42481.950949
83799.917122,122641.914003
29766.024631,53989.662188
55632.65388,72324.74028
36041.42062,34772.014569
8184.181882,11873.148327
23585.530942,34706.264401
18775.931958,18317.748006
65476.376104,81082.008536
17245.689985,18191.050925
15149.054618,16645.657979
38773.639708,49981.102475
10475.621413,13152.455675
30357.537908,30854.639212
13084.270347,15075.999686
33118.953653,41004.316682
14662.438877,19312.560024
85787.721587,91475.94529
31985.621428,72252.985433
14721.438228,24989.313281
52142.062808,87279.958029
34484.917741,37060.606088
17577.313424,16246.341567
11576.330101,14861.583826
76862.585691,113360.934718
33642.585867,51697.209069
166986.305096,218609.894398
56886.997971,68790.812949
22279.84764,19614.835072
16480.436485,17940.007233
37549.207151,42961.99879
53350.551233,70324.920707
22392.205173,32274.710606
18935.956721,21809.09187
24623.22749,27358.11521
26147.168203,32668.993354
38536.727903,44470.957951
20144.941684,38490.930514
24169.361072,33360.911071
8042.234321,8722.739626
12888.779282,16718.788603
33106.176223,42996.079322
18624.213656,29932.452503
17538.94237,23050.852724
50202.806428,48039.692492
20553.981359,27822.884178
34430.752857,36523.40076
22496.858238,25994.518214
15772.186699,20211.663655
21532.548533,37277.480156
17780.697282,20607.915294
62183.366946,69514.068215
26739.95293,38954.802976
120273.738021,162417.934084
20794.074939,21514.553005
46850.717765,56401.546735
65639.49025,57642.682448
44746.386139,64422.923986
12796.821145,19665.659293
19918.116041,20180.229927
14195.686665,15253.385825
48691.513822,62644.487369
34059.088522,42913.446957
21091.797216,31895.774371
31546.985957,37632.965682
4584.463196,5424.587296
80505.974839,108166.118042
15699.821685,26266.87717
13054.909829,19791.88229
68907.164951,100342.967529
43269.193725,45775.464173
64606.82467,99251.722505
74336.867393,116356.170085
19287.054911,19584.771003
17778.922063,20726.619178
14335.663781,15129.697073
45431.73189,69127.230412
54534.706959,73606.722014
14299.163873,15753.748096
25836.850061,29236.932186
9511.153808,13127.833497
14272.331907,17528.271562
46526.08325,53855.999269
52172.309404,49789.426292
53558.195158,57646.070353
72223.193693,79410.532115
35961.432652,41716.873614
11086.886917,15481.600794
97511.620802,124210.685277
37681.133079,56756.856733
39096.738389,43700.572809
90613.911715,162250.214001
56031.403951,75252.300827
13132.611979,13220.966047
21871.440223,30112.976604
18893.317561,29290.422452
31583.183295,27867.434489
45817.716987,52506.135848
13477.691015,13779.265326
23363.115668,29233.073977
73050.002836,100601.592293
19271.669052,23367.488759
15797.101354,19115.039482
22795.614527,22263.646092
24990.48034,33361.753047
46925.484114,65633.77009
15920.206132,22782.430235
43251.664872,45934.624274
9052.053313,12802.174351
13020.849652,14665.698108
61799.67968,86986.953046
17998.964289,23231.150561
15299.765495,16153.340816
28981.956759,26427.505385
24262.164501,25318.388872
14237.643307,12778.168411
47763.456841,53828.96505
22190.5561,31170.2486
31292.03481,52101.997503
19755.937892,21038.594171
11706.234522,12432.472976
15154.154736,19000.829299
11444.495804,12154.496353
51330.878504,61513.287823
17427.476036,18259.354794
9196.642004,19217.127416
46807.994471,53049.806112
18688.741667,27661.017123
36311.541926,44174.504568
19560.519872,27561.518889
37385.702515,46038.376367
38720.341506,46268.542526
87510.098401,123391.724562
38092.693082,64921.093567
10869.307542,18048.922835
51204.479849,59216.585787
70023.827734,77254.871225
27896.482895,41827.275954
79042.504732,84759.032792
55923.699889,86566.007616
14019.169711,17049.134688
60499.534608,77238.106493
83125.938927,98423.635554
68024.248972,76842.315227
22801.496874,25260.055528
30698.944151,33270.168206
54440.607525,63926.655107
16802.870658,19150.80803
60958.329746,74420.620319
35336.013075,46779.964042
34956.266028,40867.653576
54488.957404,59276.356115
60549.864689,71762.942274
62318.694486,107871.094817
13895.248723,18528.220036
12894.757635,16167.915199
28820.226235,32734.062326
20667.734944,40848.690416
37921.531486,69444.577875
23100.195606,34328.504575
24880.536951,24215.88102
10952.437578,15839.762188
40224.790525,47887.87314
15214.229774,21736.194601
27634.35474,31429.607344
14687.05627,21556.124002
19341.924455,26911.851398
35085.096492,43923.969602
12268.818657,17744.923981
79857.526148,100323.284719
31786.054969,37260.812993
36580.628315,53052.024277
25999.742119,37310.688013
14730.039129,18240.775187
15034.062348,15135.209063
29913.169635,34273.592802
31774.903007,30323.637372
60918.058922,112868.955472
6788.60512,8710.846583
16467.072216,23042.956504
24282.813848,29029.50256
16908.362286,24963.480016
11559.805746,16370.144899
41028.098356,38590.800272
56199.792935,63071.006325
26402.803057,24834.329161
17921.271884,25750.078804
39171.872888,51263.504741
94498.654138,121380.489142
64484.714381,71537.227917
53641.988927,69328.483269
9525.910343,10116.884528
53753.496893,87710.161419
17656.533985,17344.791369
30925.290468,38026.480785
79083.301218,77700.553039
39508.39033,39968.541341
27720.27813,30593.505823
10125.699858,14779.620257
16681.331139,22516.190846
41660.71385,56007.009853
18703.033462,19750.850086
54835.965997,59036.787917
15197.292503,21717.84916
37592.163604,43877.128286
47620.733236,62588.605421
12811.238779,14219.150256
12661.362382,15623.464548
14105.332211,15039.823246
15661.335861,18415.204767
22829.096421,42276.289992
18243.336972,25925.12034
32073.783841,55113.271059
45517.396956,44817.520655
67999.845493,89645.849838
27940.991119,32318.404732
15248.2724,16083.33336
91464.01199,127064.540989
47971.585972,74140.771881
56100.32385,58730.016527
26376.606006,33139.131398
24765.532539,28286.223862
70718.326779,85026.241765
47842.930599,57725.2559
64454.267216,74914.833708
73693.992501,112759.669282
37754.908252,48765.52177
40840.339411,45948.752552
13630.177015,14671.392812
23402.607471,27278.162248
17949.707219,24505.493415
38485.020569,50792.776324
33893.90834,47370.114242
12487.337589,17079.798539
74716.043027,93084.865786
21838.596182,29348.303118
14005.967102,21367.934791
13182.950748,17447.284129
17375.710591,18954.826739
12453.269897,15663.738935
41144.584561,50979.057918
27916.286185,30732.722339
24922.685928,26654.550415
43855.004185,52628.676601
55922.747643,71994.564075
21738.615085,24440.028541
10914.909891,16961.245869
27760.633972,38546.931837
35394.846205,32369.552464
30745.635698,41302.004043
26858.943841,29626.379594
42401.453832,51753.067793
24773.35439,25987.321501
33885.972113,50751.293775
35772.358318,36817.488453
52331.955423,109935.043603
47731.825956,70871.491349
31569.230088,43246.992068
39593.731645,40888.721112
9500.049771,12468.238202
22437.974731,23907.376397
41376.850584,53702.653174
17777.920425,23914.819547
13403.714056,15255.633489
30017.602281,43148.765048
17110.897041,15396.903832
13539.486705,16785.958116
44360.899556,52471.247507
38108.097406,47933.025194
29637.338198,34334.294502
31424.749879,38612.709374
12670.645033,17902.221939
10651.603128,12326.796506
96338.473251,136478.987832
27790.42739,30459.89312
13518.793461,16668.296497
7063.725523,6911.401088
22600.095754,27486.970537
16417.206601,17637.7494
94063.15368,134009.452991
45437.48975,52160.735301
17894.463368,20542.590256
56279.739514,78032.529762
19279.479937,25517.84319
13037.557742,13230.7209
18449.896867,26652.491617
66902.369458,97541.011501
15418.951277,14701.098081
23305.309637,35087.443379
29752.992945,32693.411882
16020.140127,22041.38882
44695.661619,101060.253876
9083.816145,9118.265075
33395.375798,33222.21861
50191.370617,57779.992038
40265.622797,43638.114613
9525.910343,10116.884528
20457.338531,36046.046639
31964.665687,37383.430976
100085.365155,116267.467086
20712.619756,25164.626706
10251.748001,11181.12325
40039.985149,43196.268367
29292.129852,45015.011079
19820.285903,22872.535429
15116.948406,15222.017905
6195.135991,7792.250038
25334.733281,30406.05561
16039.128329,17040.816435
57913.215041,59481.100856
12567.448339,15354.400437
20356.895231,35565.948253
88427.889763,113892.655127
28265.594494,38017.019124
58118.044499,75372.948772
37058.112316,44329.133067
34693.18323,39894.267729
30831.815343,42588.307699
13749.057585,23865.400729
33043.268829,35397.740686
41485.2543,58523.188022
20886.291658,23421.890802
38358.783836,48578.708845
19732.207748,23867.790738
38644.766912,42302.082284
38160.748248,51620.209157
20179.087079,21181.270091
97679.495934,123568.691016
76010.17895,101925.533697
16361.855619,22337.709481
26001.00367,28753.243338
33496.942593,41048.257934
28078.391817,32866.730077
100532.705159,132146.276369
7191.865782,7036.77809
40394.048558,49275.050542
117513.972181,132382.651659
24319.0188,23515.74612
36289.242627,38989.844445
17146.525347,18031.339086
11004.496272,11349.79339
11150.378778,12053.273049
16471.589789,17264.603767
27079.811252,31758.917898
26647.460436,34867.662065
36628.582656,44287.746051
9528.277384,12146.573679
14503.743594,16219.729461
17094.886143,25110.218173
13432.507051,17213.422574
76870.813263,164819.650058
23225.591842,30908.08319
20730.437749,34562.538974
47220.893542,56773.464015
11323.545587,14038.683009
15194.17527,17156.194617
43547.765271,58551.032637
22837.417267,35736.407411
30304.675349,30563.952781
36096.881014,46237.133754
54084.316514,68406.292985
26303.210487,23542.633716
15497.724453,16630.825473
55692.950775,78574.294065
12765.524777,16816.936424
15044.94598,17227.7875
27243.039756,29351.754273
12729.527852,9790.74886
21557.5148,25760.072304
15442.029007,15705.385013
34065.075195,65965.306559
61336.726555,89920.757475
18815.3531,20728.518747
33272.967491,46292.998309
16276.164808,24470.600351
28654.195242,33137.796062
23027.103755,26843.216413
15821.484646,21872.085714
61719.303406,85802.543415
17808.310976,19744.37197
23742.107592,28542.760161
11524.876816,14981.624366
38021.34163,43692.247406
117271.944314,142446.723768
53728.471725,67956.217538
24420.051683,23263.114267
27571.818086,31701.723922
23206.848469,27633.750548
26102.640725,45455.931492
10304.681004,12975.136072
41315.91258,62113.511283
31158.494991,39833.751858
16254.507011,20310.688435
42886.086257,59789.640397
49941.423986,63607.189117
12150.610985,16235.026291
43543.634885,77652.409569
35047.031102,34615.265503
33050.051273,45956.284488
21349.972692,24267.690503
13716.345135,18451.197378
14056.580164,16613.037109
14091.857575,18653.059614
131798.586744,149429.836127
43521.350487,53119.95695
9100.274698,9277.713597
29370.907276,46801.539396
49925.956622,73464.881242
19229.509402,22111.482501
37868.392219,47754.476073
12736.294815,12648.859496
10629.87714,18914.604437
22161.432134,29265.963563
11012.453204,17488.959314
12478.317339,15634.782484
96698.570253,97841.00142
9160.177015,13289.066881
40969.076651,58924.881564
32511.841359,28681.908273
37153.630461,45110.021394
10911.163039,14578.9392
40839.135831,51333.753336
18952.066773,20756.951511
50042.898296,48066.322882
7264.931642,7363.412675
45466.625365,51952.581274
31053.129468,39574.182162
71270.160048,80753.117382
44118.081904,59003.731842
17294.185837,18426.734821
6480.090523,7293.902701
27380.71937,26653.185576
18787.941948,24026.001711
15197.292503,17159.714378
34383.797961,52151.258229
11347.780187,11567.772816
79014.864616,93247.127011
20213.470441,25029.128405
76039.621541,77440.881542
60369.58451,104879.99615
23228.718135,23834.349834
14030.088296,18873.24399
51611.125429,107472.829092
25325.485061,34639.143955
75760.070089,87689.48789
21901.352549,22853.522313
47764.090233,77976.070379
23532.875484,29281.684507
17600.278126,24473.286954
47556.699354,49440.14697
7270.042734,10602.531545
42615.031096,49180.589147
35971.681541,58732.164707
30434.112256,34556.623438
40296.949602,63995.887114
115505.679207,131108.729588
50465.435064,56255.101094
42404.072093,55984.010306
20604.693843,29426.312987
26984.165665,32007.826867
84019.150633,115714.800603
32656.211125,44724.91366
45865.14459,58073.785698
33231.266619,41652.377229
34637.543638,48139.714473
24143.551375,29774.901848
55823.676581,64541.709009
36441.092379,51964.194338
15154.160747,15788.084666
67831.758283,69714.178514
41569.012749,51166.044573
7260.206881,9553.223629
27999.777343,45746.870653
24143.551375,39572.059897
51130.954675,67467.120789
32671.579091,36748.366266
24723.131483,25447.234559
45947.218894,68053.529806
37063.601953,49479.110388
48087.771599,61401.021221
24446.287472,31188.484125
12295.605308,13058.407503
12847.720654,15713.433824
32581.124505,35177.331658
35274.828755,41121.018159
25153.308432,31378.456804
18301.773957,19051.566084
44157.12293,57958.503907
49541.355625,53916.60041
10892.850404,11564.106593
13738.044238,15536.324116
53833.509582,58464.872788
27720.27813,30593.505823
16148.781807,17766.658021
20340.498347,23689.101185
30562.349281,27324.689746
18935.956721,21809.09187
39681.857376,41272.354344
77296.658204,100003.432086
34217.115986,36214.354904
26821.329815,36013.063352
34222.584741,62720.642273
8749.714857,9231.445073
24683.091267,29414.395764
25172.729765,26488.509051
16459.015513,18791.273868
104955.485226,129554.792161
50594.166987,78214.350613
26079.431546,43336.372273
55300.737331,60330.515604
31993.94298,41186.090644
16553.890952,19204.002878
59523.439552,70196.781078
12437.349486,17931.055696
39034.766932,44359.574856
31192.028809,44646.991996
30265.323694,31783.259387
14875.028471,16504.730439
123797.920986,146405.228178
27410.61622,37764.902401
44187.668665,38692.808032
43338.479825,52960.673013
61418.100516,110766.657087
45205.885049,53059.515837
27410.61622,38961.514547
23669.875506,28761.517159
16234.869396,16714.715904
99156.999508,149747.686676
40538.138591,62041.768172
16471.589789,17264.603767
22956.40846,26037.884002
77592.580666,89513.439684
22214.389482,24681.72895
37160.25072,56901.99389
51397.71786,63430.008772
65797.245956,116690.950196
67835.524571,91161.609578
16369.881954,18633.521397
15276.363401,33989.182743
92954.659878,103766.657676
18202.252199,20964.063041
75591.797926,89658.428012
15408.94898,18232.367183
34136.319899,49337.128964
19076.085504,27953.461083
26139.816784,33839.208589
27980.359769,30863.341634
19350.546165,26503.08886
20646.167871,22287.431648
31436.625369,72656.819255
46484.637127,55208.236044
23989.52275,22179.378693
98876.965198,121170.815088
37300.601925,45428.933166
10362.297222,11063.596891
22405.09277,22555.830574
26171.34652,34550.683707
43341.331401,49954.816396
53916.750818,65800.088145
34667.521996,40254.887596
35361.877687,52961.769459
36691.615437,34122.48685
23192.569465,26460.012611
46475.78291,44623.286201
21908.979333,37311.093037
7803.663279,9924.844972
30555.827364,32624.846971
31240.757578,36730.524532
24870.407272,34548.640771
81882.540457,129325.881743
31325.633284,34553.298455
22852.915103,26802.993508
12497.464051,12974.175394
13707.692534,15013.484315
33829.923248,52224.893031
20839.448857,27999.475316
24371.996831,36528.875845
5055.388632,5937.189955
30075.509719,33374.973265
32698.035917,35631.380124
8626.660807,9535.045033
15103.091666,16043.331378
20677.907629,25344.043629
60103.41954,75392.443739
20218.337868,20783.896336
19896.663499,42625.117874
115505.679207,132830.164377
24355.824878,24118.324284
47457.42526,54623.306037
57297.140267,75746.715977
15821.300311,17850.357453
127724.389311,137269.746144
74711.358955,95153.040833
18076.961541,25052.354177
74476.751464,82291.367472
21289.318493,31019.017454
164980.14427,208140.087952
28450.413953,42238.107241
53919.903985,61447.2353
59631.460393,81609.771357
25347.023495,35237.58312
69739.01577,81837.311258
28861.155874,33301.898443
24901.130163,33613.423205
15686.599156,14277.172879
26159.282433,29255.336152
75052.563935,83250.123806
10766.759979,12829.8086
14571.640109,17460.851149
14834.006675,17084.756748
33341.664248,36777.053005
18459.277369,25728.201679
22934.631595,30799.944897
19536.537702,21512.969748
58478.914913,86228.719164
7735.574086,10075.29179
28718.44304,76745.856448
19262.129371,21769.561568
52102.334539,59585.625898
18497.512909,20040.422667
8358.849453,14377.446931
42656.055705,52387.612353
19987.740852,29926.099453
22190.5561,40999.467863
24991.932185,24298.524249
15821.300311,17850.357453
35881.967808,43795.713228
17142.703057,19003.165536
20762.391448,20681.396309
16528.98551,18364.850427
23417.822954,36574.87266
37311.52039,54543.02332
34905.921699,41500.829745
78292.412818,109859.120815
6982.053416,9616.561753
13752.016782,14605.172713
23458.937944,26764.312304
9637.481397,8212.711701
32888.395859,35590.994419
12709.632807,19227.254281
37130.180349,39332.93675
25578.630733,31216.443807
80062.674301,81196.277992
46599.398706,69243.95801
9757.389447,14695.293447
33883.554453,49924.989882
6472.041978,7413.348659
44432.230524,44398.15798
36783.638678,47915.608344
21408.59034,24173.075262
108743.529237,129120.694752
37410.521804,53459.548613
18758.879625,21995.419792
17586.997476,18506.270323
23268.517225,27202.5521
13296.344821,14121.231499
49674.452509,73558.551715
12994.439333,18477.190025
21095.086879,24324.767909
42098.382794,47803.765592
31724.132619,33991.177104
12105.529773,13573.851691
46753.396857,63442.101546
61781.512089,91592.71043
57062.546829,89665.319727
46250.805187,48746.066949
67985.399695,91396.887943
15278.836299,20026.684146
27799.460171,34404.79699
19080.261243,23256.230765
31880.820604,46785.077528
21932.905335,28315.758582
48834.540902,64660.206115
15030.782257,22730.089549
14192.639402,22091.3833
34525.547428,39831.837124
42041.861678,64126.807795
32823.165719,41067.611558
22888.424777,26469.45349
20438.292339,29434.001661
13650.119778,21336.213881
10511.326329,14665.664995
15963.798528,26422.904669
34426.906428,38228.490994
14138.149676,16417.174395
15568.118559,14296.992202
63829.961682,79217.716045
62183.366946,71637.626669
42671.683648,56734.680759
32904.359862,48644.127646
20648.48252,29238.995737
29728.243294,30323.663567
24909.818838,29078.217016
15555.3299,35685.33221
20547.432254,27148.538212
103534.390259,122774.02654
24623.735293,31958.93673
18108.411112,21456.280469
60526.170004,69911.375779
47971.585972,56840.53652
51317.948415,60944.559138
6908.122418,9040.02272
30155.535789,33554.766417
44647.798636,62924.941122
25357.22355,28916.609496
27416.750841,38388.368114
10362.297222,11063.596891
53380.368698,72766.584066
15402.567035,22362.223669
53750.205334,76409.505396
40653.539529,40622.364648
43606.169833,55316.307291
32386.435112,42823.879725
45989.094544,56875.963992
41098.416224,47933.569419
17549.035837,22046.474562
38191.139887,52614.428845
17068.159949,25659.928085
21817.274975,27925.103571
35753.111012,43983.431626
121189.489538,165724.314205
34544.900826,46608.074149
62878.628685,81903.052384
85846.325221,110731.080285
13908.865112,20049.728298
28861.51676,42767.258705
39224.13104,51651.608176
44466.721221,74012.082609
37247.368781,43446.14082
14030.088296,14912.133972
62856.794736,118176.643627
38033.475708,48275.044447
14439.811332,16368.344902
13625.041951,15028.910564
10371.945996,19487.763586
23955.105388,30173.105911
43441.214879,56454.940449
87178.027444,96315.306836
22410.586147,38813.56577
36166.215237,38221.682367
20154.806509,33034.378332
14503.743594,22892.59387
70914.08925,144194.14064
16510.949729,16792.535637
70735.082535,104569.682982
28888.280002,30693.733298
78179.503202,104466.513118
85401.367642,120625.459838
36965.767759,41470.984103
17995.920568,19646.996649
56764.30241,67061.805831
20605.156507,29614.415768
43401.977912,62758.293194
41647.211093,49163.8258
22109.631422,20807.323948
11154.075642,12584.568484
48377.081261,65046.674603
31580.242197,52520.2253
24441.926577,47830.508995
21871.366375,28314.196475
25379.768183,32002.124677
18318.155817,22430.3692
14457.87799,17705.170916
21497.27363,39196.092014
41707.768081,47698.256405
24153.157926,31430.424183
38648.329102,44579.547157
11364.043018,19771.855041
28146.169906,38859.549258
46481.061046,58614.284553
23094.147903,58116.37108
27566.507637,27684.954383
19550.209152,27185.462133
38934.451342,39941.424602
36197.033418,49877.59851
18220.98263,30208.468869
36408.884771,44865.629346
12509.414671,13617.296476
54080.761618,61865.034711
65511.478658,70453.474714
48765.50734,63193.935802
30265.995438,35163.156798
41235.105885,56454.411058
41322.410866,66457.014035
38193.205235,39946.650433
100724.723067,133400.727342
33175.074363,48574.036348
16141.444302,23148.098573
19280.599892,25039.197783
47282.035534,96850.647909
20665.601276,27150.510091
111752.406448,117416.849045
37426.390553,46658.207745
18624.213656,29932.452503
37254.742324,55538.407833
48271.226688,60572.007928
33575.121714,39111.800521
18677.581568,20270.481559
23553.779291,26145.764263
48402.859765,72852.564708
20930.983959,24358.397982
23396.754108,30349.227728
19055.074564,17932.687422
37546.744023,51829.860671
46470.968744,62874.327373
26851.768566,40313.521427
25134.896679,30708.800875
27749.468038,33565.35187
11559.829814,13343.83317
60673.669332,142173.443424
33450.121848,34656.416639
17831.324661,36161.293823
23153.850733,27283.19211
45410.950218,66929.092494
15197.292503,21717.84916
25468.322467,26954.897923
76662.188151,86133.223826
10860.381144,14500.774951
72701.749984,91319.719531
28512.172765,35795.996642
43337.723657,65197.681643
36974.539649,49334.9224
26483.47358,30830.301561
31962.173873,35763.204802
21037.54144,25801.663538
30680.126886,38158.831502
10316.282287,11639.329435
20677.907629,27180.686886
50139.988888,60624.434085
14574.672243,20526.04561
68058.065982,86900.256621
61396.421718,67761.849518
20636.329488,22308.29077
40838.935904,50651.7804
30571.819423,34524.975273
23765.090578,30523.448511
13251.703648,16723.281756
84132.348103,111009.531907
15896.948816,17029.013142
15342.653169,18203.609347
26348.56617,35170.1969
12340.094725,12624.680598
105746.300506,165492.835901
24218.189972,29866.949487
74823.533979,99121.812351
28810.609496,33042.581587
23271.77116,35066.810604
17909.858062,33592.505507
69176.217086,122230.534287
52785.09967,69413.831941
17858.131383,19439.716083
14210.21785,15442.744543
42072.036721,42562.382204
22315.638183,27464.344979
31963.387467,45441.661605
114629.187519,131029.178105
54855.875929,126199.696389
40304.563855,49989.008584
16481.499396,22159.777959
39144.08441,58558.295088
26404.543858,30838.987162
8548.611453,8267.932959
15197.292503,21717.84916
12445.729818,14065.009665
26526.182824,30270.908171
25809.641825,29654.761214
17762.251893,22590.364304
40729.293035,49046.082702
27620.675359,29185.386201
63013.466464,96457.736563
76641.885858,70903.107633
13876.077231,18033.876198
26701.191683,33050.54431
13902.878937,17130.487072
16524.452717,28076.556911
8818.930397,12465.446221
7429.034939,9832.505708
37063.847765,37459.7771
48258.607544,53124.879781
37492.213113,53331.937696
40039.985149,43196.268367
14428.739545,19727.476213
11671.039701,14285.530707
11333.894237,15913.71777
34013.806533,44447.458645
40812.892623,69475.907806
83125.938927,98423.635554
26004.026948,29759.596429
19879.166615,22736.970053
31976.046025,45282.119633
37128.10487,52181.800666
104681.988942,143007.665923
12952.096778,17677.874255
25381.929994,25362.466039
44235.989017,54030.358034
18053.044889,22297.791731
35088.405951,35791.183712
23077.861977,26312.183115
19251.994157,22545.500749
32063.061247,44360.861605
13132.611979,13220.966047
37078.595364,44793.049788
8621.341861,11576.694197
50849.045641,68256.909788
37101.061377,41459.880551
22834.492155,33888.226313
25695.914653,35971.074691
25264.116523,34101.470676
11001.060151,11683.550571
13111.874465,14156.442615
43529.289026,47229.758403
11306.705619,12720.698005
65496.635943,98719.609882
28583.965117,31362.277304
40818.587434,42257.993998
19528.514419,24529.981761
11264.284443,14579.870269
48369.100083,54918.778241
35774.4424,42114.571571
17274.469772,19918.799561
38056.006365,41905.977718
13608.380841,18169.90264
50858.327822,58554.203048
18347.711391,20579.041389
14500.110571,17966.654466
11488.409588,12129.851566
15912.518742,17067.655567
40970.004051,49391.984489
36454.168083,45329.094277
19494.562571,27225.961764
112460.363116,118959.357311
40084.170593,82106.826598
60755.985223,65682.337499
24522.194041,24426.531722
88694.448639,96347.411075
82789.942381,107084.162733
112583.672947,137282.459807
23493.279297,31592.215184
14011.247051,18002.149589
28011.98186,44994.328313
12811.238779,14219.150256
29100.941324,49709.080845
102785.861639,143346.612772
37382.528112,42481.950949
22335.801002,23632.374316
13060.495895,18187.080889
48999.930327,72984.805043
27217.592682,37266.36985
14162.18882,21992.399759
17438.107726,17723.654799
77033.147354,98208.088424
71457.061302,104204.625252
20677.907629,25344.043629
12370.110484,12153.792485
31258.258028,35178.442501
31424.749879,38612.709374
55446.312499,92645.194324
52224.268256,58999.472554
45166.001656,59019.777837
25051.776262,29224.71004
59726.70843,112777.069716
40849.17954,45911.741399
18930.622824,23103.082606
18284.65539,19084.881059
8330.334841,9160.895875
50162.123006,53846.482817
36022.00949,37066.421467
50099.865737,47784.997685
26457.221525,26320.039117
33144.964737,36747.714017
29688.065439,35919.655906
33059.138449,43454.933786
40433.126666,46587.822599
71926.779421,96091.212823
42817.884145,60635.531697
18918.026417,22810.897638
34333.788241,38680.372002
14169.975529,15907.069376
31896.701566,34622.56433
27261.683937,28022.128001
23614.617087,44904.072286
52644.362422,79012.318928
26266.478063,33028.495412
62219.73764,81688.173444
32307.731207,40301.512795
22793.108199,23540.015326
25221.582495,27333.870653
25080.513875,36547.076336
31786.938889,47425.763243
28842.40929,36278.48214
14112.515486,17304.087886
9959.498754,11082.632253
10316.282287,11639.329435
19765.371981,19586.743258
16776.349497,25158.490629
18927.281592,19481.258389
32307.675848,40807.936171
12808.53936,17608.423895
36780.374945,56136.663319
11936.349485,19988.558365
10109.909785,13732.84477
50707.978687,56283.652802
27631.933731,31089.320959
28172.599527,36388.833181
45395.900494,51804.481042
9382.121812,10306.393791
14875.409936,18154.068555
50055.450807,54374.463898
24707.588281,35795.298134
10881.742384,12343.857486
20651.11141,21605.745232
7126.88191,7574.748313
17778.662153,19338.426446
25135.072123,32870.730721
26045.102136,29481.407243
17626.92965,20019.739525
43375.445539,48750.88562
10512.402544,15333.571911
60405.931981,65079.786002
35054.244669,41445.308868
11971.257482,17036.648078
64790.784754,77383.705016
28351.586477,31396.201447
58100.71721,145050.368088
74090.434863,82330.4475
16437.924981,18415.625032
81381.395223,82816.805762
21138.030708,27945.94824
69493.967913,76261.047608
15089.48312,17037.132337
34072.841608,39435.307704
28329.63975,38360.082213
42581.37412,47746.126042
19426.988341,35128.880595
11752.339766,16104.216279
9022.329459,7834.246042
24307.097052,32642.208301
15568.246831,15068.851952
34442.048035,45083.956187
17628.017332,23147.663463
13394.762262,14698.391407
92516.059649,124970.258821
11093.690358,10023.673081
73299.540709,95993.486087
48452.39916,79691.977437
69996.528493,159728.403532
13202.411542,12016.187201
55339.637642,58007.585731
20853.067635,29245.893008
26065.352194,36374.7395
37099.853344,42852.621974
31424.749879,38612.709374
41785.57179,49264.533337
53058.351978,71245.330344
133660.614551,165176.876161
7835.08602,10144.992158
35797.500417,42605.501612
24643.997853,25238.970078
20330.917287,31119.910944
39508.39033,41236.602869
24045.063558,31980.752527
76761.801109,114205.413382
6390.176341,7905.380047
35837.539197,38589.406418
17245.689985,18191.050925
76929.489756,97264.374552
36657.735573,47736.941563
24680.918576,27755.704655
26001.201706,27134.478906
20761.045774,22856.766425
71739.620744,108991.100202
34125.214673,43734.59643
35963.17632,45515.178998
9940.984222,13636.168088
22427.142142,24231.604129
14609.16676,15515.499079
62177.270818,75862.802628
19553.419744,25934.493163
70073.159316,78863.194796
67763.080065,76277.896365
12218.44583,12650.559184
76197.082109,94059.454459
12055.022738,11844.214726
10416.060341,11062.258189
9402.163298,9855.09466
44575.254645,57559.708582
12578.473063,16509.694028
60931.948381,95554.315983
26562.8602,21618.461439
28083.952873,41077.553906
18936.985893,23160.923456
12486.208245,13680.424832
68185.809634,72964.773743
44157.510802,98768.629924
19711.185674,20768.740307
16319.489803,21869.724747
29747.746403,53062.300361
20156.027153,36638.943511
21019.263442,28005.883148
75500.790809,109664.432013
34134.434918,45840.365636
44676.637593,71478.508802
61987.989348,86944.117997
22496.858238,25994.518214
26962.984774,41544.300513
73025.648291,115824.32684
38081.895418,62131.218799
10644.241804,14734.28367
75121.057469,66797.509066
32785.981177,59491.852034
30366.869125,38403.386937
32394.280442,38037.401303
31129.304015,40546.318789
14222.234669,15210.530362
37904.364604,58563.091079
10109.909785,13134.961756
74178.87233,77823.046902
47971.585972,71276.365459
26324.746797,42583.182426
13566.573088,18620.363866
42316.340519,49323.103764
75273.686372,93635.31085
25749.647515,33219.07146
53539.425531,60702.441347
10094.335488,10132.616652
36248.329913,47873.795108
32736.43131,39040.649879
14003.043252,18618.745359
44740.374514,66568.192361
31814.164284,47680.394176
22852.199396,42831.155924
10321.516466,21472.705492
36972.376191,46357.246537
67716.186695,91408.415051
18683.235541,44019.152583
8084.083485,10096.302451
50599.660845,54726.179125
37257.894795,52131.616282
14106.298302,19425.07855
16061.829161,17311.160037
26327.740352,31113.816874
47959.052609,45395.431584
68884.096071,84536.598096
113811.788893,123548.494321
26669.509385,26641.099403
35805.703378,51446.390773
30298.764133,37708.818599
17951.240474,20576.666641
19958.516864,39166.648798
14448.390087,19551.783941
18460.201901,22545.689907
24530.295717,24465.419365
9770.597885,10169.487436
25468.322467,29828.231981
34598.961878,41605.808464
29087.450605,34084.721548
10440.611251,17337.055382
42979.246924,49474.781277
47482.761132,61980.571506
27543.94172,35623.011575
52077.414143,61971.995094
53717.483037,90440.79787
63474.510779,77669.919127
17056.751381,24518.20605
31807.297461,33332.562163
18267.419885,27516.424556
11710.463373,19404.62661
13838.8062,14737.292101
17838.249979,19862.677117
26643.30251,47717.234639
18174.684924,16311.631059
87956.690653,85854.550679
20648.48252,29238.995737
15257.092803,19033.044054
19539.306922,30291.570975
59746.799855,81926.965108
25539.371995,33257.934169
12978.185648,14169.239445
109607.463802,156270.069965
21698.780813,29623.844214
39006.122321,38747.728744
27258.373185,43842.686622
14662.079708,19867.856888
11398.760571,13387.023569
18506.153518,24835.11127
24683.455671,29300.750131
26327.740352,26221.345425
23441.99234,26765.869201
35786.449601,48557.407824
15451.857883,32207.74266
29621.019543,30286.421394
48684.607354,59421.878544
49638.732128,55876.588986
30719.74216,67203.925634
33979.666025,43381.627317
12166.256589,13358.379427
119807.889901,140911.510368
68544.042503,79683.660262
56120.394837,75035.330509
44588.587801,56943.012877
13503.19302,17234.675496
36836.052776,51487.753081
34134.434918,48951.459947
69697.807047,90929.785675
41280.190017,61795.45414
30158.081446,28722.935643
40289.847324,68318.969746
37102.952764,41886.558421
25788.133168,27068.921775
42806.698102,55214.683977
13816.274135,15132.409376
38035.398023,48963.310075
30111.903961,33345.555582
54127.268079,80930.775832
20040.145282,33726.830453
13929.981589,13626.331113
57696.329159,75280.398856
80617.207496,86024.712438
27049.217228,32878.704104
28515.372511,38398.58037
79922.090128,111394.182663
25184.547019,32666.193687
13622.306221,15064.244849
21413.999631,32386.80983
20063.026993,23945.793446
65695.35393,75242.773702
52475.023184,65966.76447
18628.956732,20865.592037
7877.818017,10063.942643
80400.839181,102509.219768
7260.206881,9553.223629
16136.236666,18463.419149
34564.803631,40269.026737
25266.058045,55026.293967
17925.617299,21219.20161
30847.318065,44237.476272
24866.890122,28483.7828
27595.288665,40300.780899
34437.139891,44845.206854
10652.986384,13050.294303
13023.672643,13948.726647
59569.76504,52691.259851
34426.262663,54510.606531
18405.538854,21916.550629
40172.433061,60750.198179
14177.5405,25978.526615
52644.362422,62429.240353
94268.007723,104531.677783
27815.383678,34143.164054
6417.208494,8234.28638
45729.363041,51592.365101
16674.589522,19925.238865
35712.306659,39415.829875
61203.280206,70539.435096
29017.173202,33562.098592
17983.008383,21751.984695
31207.654372,33988.595327
5898.826123,7060.743446
18185.619143,21034.694055
26262.791886,27112.684431
14875.409936,14027.451648
36394.759809,46115.764461
11244.515899,11999.234143
45805.463482,59526.50122
58085.625714,68178.983937
24880.195791,31372.198593
28615.207579,33127.833514
25437.371137,35321.17916
170968.343177,227108.296958
19214.35957,24972.903838
12246.318663,16173.924479
13784.468998,16541.206465
15612.944539,17914.135338
31598.605867,37758.63681
26608.688285,36250.279328
22465.050597,33057.47018
24507.361123,30531.859811
79004.605404,91062.169819
85701.752758,136584.353361
13359.806629,14584.024676
13432.507051,14386.600015
29171.010598,30181.734728
18582.074219,27107.5562
42140.857929,40316.226332
28084.878276,47637.270045
24449.574345,46005.172739
14670.974694,24423.638399
32024.358371,31555.357069
19861.916615,20004.363478
86631.164862,121668.551515
46373.665665,61677.066303
21548.897427,30886.104485
19271.982623,21070.446672
25809.134963,45336.094652
47711.867681,56806.202149
11156.319412,15996.518184
106571.709992,122664.218327
35895.644123,42227.198658
44644.787326,48368.686768
96820.747465,122423.004598
