modelo,pareto_idx,n_variables,precision_cv,recall_cv,accuracy_test,precision_test,recall_test,f1_test,custom_score_test,TN,FP,FN,TP,selected_features
LogisticRegression,1,2,0.45117684680044057,0.9373662105405772,0.4722222222222222,0.46238532110091746,0.9581749049429658,0.6237623762376238,0.6607011546377368,20,293,11,252,"['tiempo_seg_cond1', 'medicacion_osteoporosis_1']"
LogisticRegression,7,2,0.45117684680044057,0.9373662105405772,0.4722222222222222,0.46238532110091746,0.9581749049429658,0.6237623762376238,0.6607011546377368,20,293,11,252,"['medicacion_osteoporosis_1', 'tiempo_seg_cond1']"
LogisticRegression,32,2,0.45117684680044057,0.9373662105405772,0.4722222222222222,0.46238532110091746,0.9581749049429658,0.6237623762376238,0.6607011546377368,20,293,11,252,"['medicacion_osteoporosis_1', 'tiempo_seg_cond1']"
LogisticRegression,37,2,0.45117684680044057,0.9373662105405772,0.4722222222222222,0.46238532110091746,0.9581749049429658,0.6237623762376238,0.6607011546377368,20,293,11,252,"['medicacion_osteoporosis_1', 'tiempo_seg_cond1']"
LogisticRegression,57,2,0.45117684680044057,0.9373662105405772,0.4722222222222222,0.46238532110091746,0.9581749049429658,0.6237623762376238,0.6607011546377368,20,293,11,252,"['medicacion_osteoporosis_1', 'tiempo_seg_cond1']"
LogisticRegression,59,2,0.45117684680044057,0.9373662105405772,0.4722222222222222,0.46238532110091746,0.9581749049429658,0.6237623762376238,0.6607011546377368,20,293,11,252,"['medicacion_osteoporosis_1', 'tiempo_seg_cond1']"
LogisticRegression,68,2,0.45117684680044057,0.9373662105405772,0.4722222222222222,0.46238532110091746,0.9581749049429658,0.6237623762376238,0.6607011546377368,20,293,11,252,"['medicacion_osteoporosis_1', 'tiempo_seg_cond1']"
LogisticRegression,75,2,0.45117684680044057,0.9373662105405772,0.4722222222222222,0.46238532110091746,0.9581749049429658,0.6237623762376238,0.6607011546377368,20,293,11,252,"['tiempo_seg_cond1', 'medicacion_osteoporosis_1']"
LogisticRegression,85,2,0.45117684680044057,0.9373662105405772,0.4722222222222222,0.46238532110091746,0.9581749049429658,0.6237623762376238,0.6607011546377368,20,293,11,252,"['medicacion_osteoporosis_1', 'tiempo_seg_cond1']"
LogisticRegression,94,2,0.45117684680044057,0.9373662105405772,0.4722222222222222,0.46238532110091746,0.9581749049429658,0.6237623762376238,0.6607011546377368,20,293,11,252,"['medicacion_osteoporosis_1', 'tiempo_seg_cond1']"
LogisticRegression,101,2,0.45117684680044057,0.9373662105405772,0.4722222222222222,0.46238532110091746,0.9581749049429658,0.6237623762376238,0.6607011546377368,20,293,11,252,"['tiempo_seg_cond1', 'medicacion_osteoporosis_1']"
LogisticRegression,121,2,0.45117684680044057,0.9373662105405772,0.4722222222222222,0.46238532110091746,0.9581749049429658,0.6237623762376238,0.6607011546377368,20,293,11,252,"['tiempo_seg_cond1', 'medicacion_osteoporosis_1']"
LogisticRegression,136,2,0.45117684680044057,0.9373662105405772,0.4722222222222222,0.46238532110091746,0.9581749049429658,0.6237623762376238,0.6607011546377368,20,293,11,252,"['tiempo_seg_cond1', 'medicacion_osteoporosis_1']"
LogisticRegression,142,2,0.45117684680044057,0.9373662105405772,0.4722222222222222,0.46238532110091746,0.9581749049429658,0.6237623762376238,0.6607011546377368,20,293,11,252,"['medicacion_osteoporosis_1', 'tiempo_seg_cond1']"
LogisticRegression,150,2,0.45117684680044057,0.9373662105405772,0.4722222222222222,0.46238532110091746,0.9581749049429658,0.6237623762376238,0.6607011546377368,20,293,11,252,"['medicacion_osteoporosis_1', 'tiempo_seg_cond1']"
LogisticRegression,163,2,0.45117684680044057,0.9373662105405772,0.4722222222222222,0.46238532110091746,0.9581749049429658,0.6237623762376238,0.6607011546377368,20,293,11,252,"['medicacion_osteoporosis_1', 'tiempo_seg_cond1']"
LogisticRegression,174,2,0.45117684680044057,0.9373662105405772,0.4722222222222222,0.46238532110091746,0.9581749049429658,0.6237623762376238,0.6607011546377368,20,293,11,252,"['medicacion_osteoporosis_1', 'tiempo_seg_cond1']"
LogisticRegression,2,2,0.4700540511816726,0.7523641782956239,0.5017361111111112,0.47619047619047616,0.9125475285171103,0.6258148631029987,0.6507332971211298,49,264,23,240,"['plomo_sangre_umol_l', 'raza_etnia_2.0']"
LogisticRegression,23,2,0.4514864427817268,0.9307275436932665,0.4461805555555556,0.4483394833948339,0.9239543726235742,0.6037267080745342,0.63858543908633,14,299,20,243,"['tiempo_seg_cond1', 'caidas_1']"
LogisticRegression,29,2,0.4514864427817268,0.9307275436932665,0.4461805555555556,0.4483394833948339,0.9239543726235742,0.6037267080745342,0.63858543908633,14,299,20,243,"['caidas_1', 'tiempo_seg_cond1']"
LogisticRegression,45,2,0.4514864427817268,0.9307275436932665,0.4461805555555556,0.4483394833948339,0.9239543726235742,0.6037267080745342,0.63858543908633,14,299,20,243,"['tiempo_seg_cond1', 'caidas_1']"
LogisticRegression,47,2,0.4514864427817268,0.9307275436932665,0.4461805555555556,0.4483394833948339,0.9239543726235742,0.6037267080745342,0.63858543908633,14,299,20,243,"['caidas_1', 'tiempo_seg_cond1']"
LogisticRegression,52,2,0.4514864427817268,0.9307275436932665,0.4461805555555556,0.4483394833948339,0.9239543726235742,0.6037267080745342,0.63858543908633,14,299,20,243,"['caidas_1', 'tiempo_seg_cond1']"
LogisticRegression,67,2,0.4514864427817268,0.9307275436932665,0.4461805555555556,0.4483394833948339,0.9239543726235742,0.6037267080745342,0.63858543908633,14,299,20,243,"['tiempo_seg_cond1', 'caidas_1']"
LogisticRegression,95,2,0.4514864427817268,0.9307275436932665,0.4461805555555556,0.4483394833948339,0.9239543726235742,0.6037267080745342,0.63858543908633,14,299,20,243,"['caidas_1', 'tiempo_seg_cond1']"
LogisticRegression,99,2,0.4514864427817268,0.9307275436932665,0.4461805555555556,0.4483394833948339,0.9239543726235742,0.6037267080745342,0.63858543908633,14,299,20,243,"['tiempo_seg_cond1', 'caidas_1']"
LogisticRegression,111,2,0.4514864427817268,0.9307275436932665,0.4461805555555556,0.4483394833948339,0.9239543726235742,0.6037267080745342,0.63858543908633,14,299,20,243,"['caidas_1', 'tiempo_seg_cond1']"
LogisticRegression,112,2,0.4514864427817268,0.9307275436932665,0.4461805555555556,0.4483394833948339,0.9239543726235742,0.6037267080745342,0.63858543908633,14,299,20,243,"['tiempo_seg_cond1', 'caidas_1']"
LogisticRegression,147,2,0.4514864427817268,0.9307275436932665,0.4461805555555556,0.4483394833948339,0.9239543726235742,0.6037267080745342,0.63858543908633,14,299,20,243,"['tiempo_seg_cond1', 'caidas_1']"
LogisticRegression,181,2,0.4514864427817268,0.9307275436932665,0.4461805555555556,0.4483394833948339,0.9239543726235742,0.6037267080745342,0.63858543908633,14,299,20,243,"['tiempo_seg_cond1', 'caidas_1']"
LogisticRegression,189,2,0.4514864427817268,0.9307275436932665,0.4461805555555556,0.4483394833948339,0.9239543726235742,0.6037267080745342,0.63858543908633,14,299,20,243,"['tiempo_seg_cond1', 'caidas_1']"
SVC,6,2,0.4614998939995263,0.8781059477035633,0.5121527777777778,0.4811715481171548,0.8745247148288974,0.6207827260458839,0.6385128148018518,65,248,33,230,"['raza_etnia_2.0', 'medicacion_osteoporosis_1']"
LogisticRegression,10,2,0.46080144569579745,0.8698685814930226,0.5138888888888888,0.48210526315789476,0.870722433460076,0.6205962059620597,0.6375521312787673,67,246,34,229,"['raza_etnia_2.0', 'medicacion_osteoporosis_1']"
LogisticRegression,13,2,0.46080144569579745,0.8698685814930226,0.5138888888888888,0.48210526315789476,0.870722433460076,0.6205962059620597,0.6375521312787673,67,246,34,229,"['medicacion_osteoporosis_1', 'raza_etnia_2.0']"
LogisticRegression,34,2,0.46080144569579745,0.8698685814930226,0.5138888888888888,0.48210526315789476,0.870722433460076,0.6205962059620597,0.6375521312787673,67,246,34,229,"['raza_etnia_2.0', 'medicacion_osteoporosis_1']"
LogisticRegression,38,2,0.46080144569579745,0.8698685814930226,0.5138888888888888,0.48210526315789476,0.870722433460076,0.6205962059620597,0.6375521312787673,67,246,34,229,"['medicacion_osteoporosis_1', 'raza_etnia_2.0']"
LogisticRegression,39,2,0.46080144569579745,0.8698685814930226,0.5138888888888888,0.48210526315789476,0.870722433460076,0.6205962059620597,0.6375521312787673,67,246,34,229,"['raza_etnia_2.0', 'medicacion_osteoporosis_1']"
LogisticRegression,42,2,0.46080144569579745,0.8698685814930226,0.5138888888888888,0.48210526315789476,0.870722433460076,0.6205962059620597,0.6375521312787673,67,246,34,229,"['medicacion_osteoporosis_1', 'raza_etnia_2.0']"
LogisticRegression,65,2,0.46080144569579745,0.8698685814930226,0.5138888888888888,0.48210526315789476,0.870722433460076,0.6205962059620597,0.6375521312787673,67,246,34,229,"['raza_etnia_2.0', 'medicacion_osteoporosis_1']"
LogisticRegression,79,2,0.46080144569579745,0.8698685814930226,0.5138888888888888,0.48210526315789476,0.870722433460076,0.6205962059620597,0.6375521312787673,67,246,34,229,"['medicacion_osteoporosis_1', 'raza_etnia_2.0']"
LogisticRegression,83,2,0.46080144569579745,0.8698685814930226,0.5138888888888888,0.48210526315789476,0.870722433460076,0.6205962059620597,0.6375521312787673,67,246,34,229,"['medicacion_osteoporosis_1', 'raza_etnia_2.0']"
LogisticRegression,84,2,0.46080144569579745,0.8698685814930226,0.5138888888888888,0.48210526315789476,0.870722433460076,0.6205962059620597,0.6375521312787673,67,246,34,229,"['raza_etnia_2.0', 'medicacion_osteoporosis_1']"
LogisticRegression,89,2,0.46080144569579745,0.8698685814930226,0.5138888888888888,0.48210526315789476,0.870722433460076,0.6205962059620597,0.6375521312787673,67,246,34,229,"['medicacion_osteoporosis_1', 'raza_etnia_2.0']"
LogisticRegression,90,2,0.46080144569579745,0.8698685814930226,0.5138888888888888,0.48210526315789476,0.870722433460076,0.6205962059620597,0.6375521312787673,67,246,34,229,"['raza_etnia_2.0', 'medicacion_osteoporosis_1']"
LogisticRegression,92,2,0.46080144569579745,0.8698685814930226,0.5138888888888888,0.48210526315789476,0.870722433460076,0.6205962059620597,0.6375521312787673,67,246,34,229,"['raza_etnia_2.0', 'medicacion_osteoporosis_1']"
LogisticRegression,98,2,0.46080144569579745,0.8698685814930226,0.5138888888888888,0.48210526315789476,0.870722433460076,0.6205962059620597,0.6375521312787673,67,246,34,229,"['raza_etnia_2.0', 'medicacion_osteoporosis_1']"
LogisticRegression,104,2,0.46080144569579745,0.8698685814930226,0.5138888888888888,0.48210526315789476,0.870722433460076,0.6205962059620597,0.6375521312787673,67,246,34,229,"['medicacion_osteoporosis_1', 'raza_etnia_2.0']"
LogisticRegression,106,2,0.46080144569579745,0.8698685814930226,0.5138888888888888,0.48210526315789476,0.870722433460076,0.6205962059620597,0.6375521312787673,67,246,34,229,"['medicacion_osteoporosis_1', 'raza_etnia_2.0']"
LogisticRegression,107,2,0.46080144569579745,0.8698685814930226,0.5138888888888888,0.48210526315789476,0.870722433460076,0.6205962059620597,0.6375521312787673,67,246,34,229,"['medicacion_osteoporosis_1', 'raza_etnia_2.0']"
LogisticRegression,119,2,0.46080144569579745,0.8698685814930226,0.5138888888888888,0.48210526315789476,0.870722433460076,0.6205962059620597,0.6375521312787673,67,246,34,229,"['medicacion_osteoporosis_1', 'raza_etnia_2.0']"
LogisticRegression,127,2,0.46080144569579745,0.8698685814930226,0.5138888888888888,0.48210526315789476,0.870722433460076,0.6205962059620597,0.6375521312787673,67,246,34,229,"['medicacion_osteoporosis_1', 'raza_etnia_2.0']"
LogisticRegression,133,2,0.46080144569579745,0.8698685814930226,0.5138888888888888,0.48210526315789476,0.870722433460076,0.6205962059620597,0.6375521312787673,67,246,34,229,"['raza_etnia_2.0', 'medicacion_osteoporosis_1']"
LogisticRegression,144,2,0.46080144569579745,0.8698685814930226,0.5138888888888888,0.48210526315789476,0.870722433460076,0.6205962059620597,0.6375521312787673,67,246,34,229,"['raza_etnia_2.0', 'medicacion_osteoporosis_1']"
LogisticRegression,159,2,0.46080144569579745,0.8698685814930226,0.5138888888888888,0.48210526315789476,0.870722433460076,0.6205962059620597,0.6375521312787673,67,246,34,229,"['medicacion_osteoporosis_1', 'raza_etnia_2.0']"
LogisticRegression,161,2,0.46080144569579745,0.8698685814930226,0.5138888888888888,0.48210526315789476,0.870722433460076,0.6205962059620597,0.6375521312787673,67,246,34,229,"['medicacion_osteoporosis_1', 'raza_etnia_2.0']"
LogisticRegression,165,2,0.46080144569579745,0.8698685814930226,0.5138888888888888,0.48210526315789476,0.870722433460076,0.6205962059620597,0.6375521312787673,67,246,34,229,"['medicacion_osteoporosis_1', 'raza_etnia_2.0']"
LogisticRegression,168,2,0.46080144569579745,0.8698685814930226,0.5138888888888888,0.48210526315789476,0.870722433460076,0.6205962059620597,0.6375521312787673,67,246,34,229,"['medicacion_osteoporosis_1', 'raza_etnia_2.0']"
LogisticRegression,169,2,0.46080144569579745,0.8698685814930226,0.5138888888888888,0.48210526315789476,0.870722433460076,0.6205962059620597,0.6375521312787673,67,246,34,229,"['medicacion_osteoporosis_1', 'raza_etnia_2.0']"
LogisticRegression,184,2,0.46080144569579745,0.8698685814930226,0.5138888888888888,0.48210526315789476,0.870722433460076,0.6205962059620597,0.6375521312787673,67,246,34,229,"['raza_etnia_2.0', 'medicacion_osteoporosis_1']"
LogisticRegression,195,2,0.46080144569579745,0.8698685814930226,0.5138888888888888,0.48210526315789476,0.870722433460076,0.6205962059620597,0.6375521312787673,67,246,34,229,"['raza_etnia_2.0', 'medicacion_osteoporosis_1']"
LogisticRegression,199,2,0.46080144569579745,0.8698685814930226,0.5138888888888888,0.48210526315789476,0.870722433460076,0.6205962059620597,0.6375521312787673,67,246,34,229,"['raza_etnia_2.0', 'medicacion_osteoporosis_1']"
LogisticRegression,8,2,0.4577028626701642,0.8929548841620377,0.4704861111111111,0.4588235294117647,0.8897338403041825,0.6054333764553687,0.6311876537687318,37,276,29,234,"['fracturas_1', 'medicacion_osteoporosis_1']"
LogisticRegression,31,2,0.4577028626701642,0.8929548841620377,0.4704861111111111,0.4588235294117647,0.8897338403041825,0.6054333764553687,0.6311876537687318,37,276,29,234,"['medicacion_osteoporosis_1', 'fracturas_1']"
LogisticRegression,46,2,0.4577028626701642,0.8929548841620377,0.4704861111111111,0.4588235294117647,0.8897338403041825,0.6054333764553687,0.6311876537687318,37,276,29,234,"['fracturas_1', 'medicacion_osteoporosis_1']"
LogisticRegression,60,2,0.4577028626701642,0.8929548841620377,0.4704861111111111,0.4588235294117647,0.8897338403041825,0.6054333764553687,0.6311876537687318,37,276,29,234,"['medicacion_osteoporosis_1', 'fracturas_1']"
LogisticRegression,62,2,0.4577028626701642,0.8929548841620377,0.4704861111111111,0.4588235294117647,0.8897338403041825,0.6054333764553687,0.6311876537687318,37,276,29,234,"['medicacion_osteoporosis_1', 'fracturas_1']"
LogisticRegression,86,2,0.4577028626701642,0.8929548841620377,0.4704861111111111,0.4588235294117647,0.8897338403041825,0.6054333764553687,0.6311876537687318,37,276,29,234,"['fracturas_1', 'medicacion_osteoporosis_1']"
LogisticRegression,88,2,0.4577028626701642,0.8929548841620377,0.4704861111111111,0.4588235294117647,0.8897338403041825,0.6054333764553687,0.6311876537687318,37,276,29,234,"['medicacion_osteoporosis_1', 'fracturas_1']"
LogisticRegression,93,2,0.4577028626701642,0.8929548841620377,0.4704861111111111,0.4588235294117647,0.8897338403041825,0.6054333764553687,0.6311876537687318,37,276,29,234,"['fracturas_1', 'medicacion_osteoporosis_1']"
LogisticRegression,103,2,0.4577028626701642,0.8929548841620377,0.4704861111111111,0.4588235294117647,0.8897338403041825,0.6054333764553687,0.6311876537687318,37,276,29,234,"['medicacion_osteoporosis_1', 'fracturas_1']"
LogisticRegression,105,2,0.4577028626701642,0.8929548841620377,0.4704861111111111,0.4588235294117647,0.8897338403041825,0.6054333764553687,0.6311876537687318,37,276,29,234,"['fracturas_1', 'medicacion_osteoporosis_1']"
LogisticRegression,108,2,0.4577028626701642,0.8929548841620377,0.4704861111111111,0.4588235294117647,0.8897338403041825,0.6054333764553687,0.6311876537687318,37,276,29,234,"['medicacion_osteoporosis_1', 'fracturas_1']"
LogisticRegression,113,2,0.4577028626701642,0.8929548841620377,0.4704861111111111,0.4588235294117647,0.8897338403041825,0.6054333764553687,0.6311876537687318,37,276,29,234,"['medicacion_osteoporosis_1', 'fracturas_1']"
LogisticRegression,130,2,0.4577028626701642,0.8929548841620377,0.4704861111111111,0.4588235294117647,0.8897338403041825,0.6054333764553687,0.6311876537687318,37,276,29,234,"['fracturas_1', 'medicacion_osteoporosis_1']"
LogisticRegression,131,2,0.4577028626701642,0.8929548841620377,0.4704861111111111,0.4588235294117647,0.8897338403041825,0.6054333764553687,0.6311876537687318,37,276,29,234,"['fracturas_1', 'medicacion_osteoporosis_1']"
LogisticRegression,135,2,0.4577028626701642,0.8929548841620377,0.4704861111111111,0.4588235294117647,0.8897338403041825,0.6054333764553687,0.6311876537687318,37,276,29,234,"['fracturas_1', 'medicacion_osteoporosis_1']"
LogisticRegression,140,2,0.4577028626701642,0.8929548841620377,0.4704861111111111,0.4588235294117647,0.8897338403041825,0.6054333764553687,0.6311876537687318,37,276,29,234,"['medicacion_osteoporosis_1', 'fracturas_1']"
LogisticRegression,151,2,0.4577028626701642,0.8929548841620377,0.4704861111111111,0.4588235294117647,0.8897338403041825,0.6054333764553687,0.6311876537687318,37,276,29,234,"['medicacion_osteoporosis_1', 'fracturas_1']"
LogisticRegression,162,2,0.4577028626701642,0.8929548841620377,0.4704861111111111,0.4588235294117647,0.8897338403041825,0.6054333764553687,0.6311876537687318,37,276,29,234,"['medicacion_osteoporosis_1', 'fracturas_1']"
LogisticRegression,164,2,0.4577028626701642,0.8929548841620377,0.4704861111111111,0.4588235294117647,0.8897338403041825,0.6054333764553687,0.6311876537687318,37,276,29,234,"['medicacion_osteoporosis_1', 'fracturas_1']"
LogisticRegression,170,2,0.4577028626701642,0.8929548841620377,0.4704861111111111,0.4588235294117647,0.8897338403041825,0.6054333764553687,0.6311876537687318,37,276,29,234,"['medicacion_osteoporosis_1', 'fracturas_1']"
LogisticRegression,172,2,0.4577028626701642,0.8929548841620377,0.4704861111111111,0.4588235294117647,0.8897338403041825,0.6054333764553687,0.6311876537687318,37,276,29,234,"['medicacion_osteoporosis_1', 'fracturas_1']"
LogisticRegression,179,2,0.4577028626701642,0.8929548841620377,0.4704861111111111,0.4588235294117647,0.8897338403041825,0.6054333764553687,0.6311876537687318,37,276,29,234,"['medicacion_osteoporosis_1', 'fracturas_1']"
LogisticRegression,182,2,0.4577028626701642,0.8929548841620377,0.4704861111111111,0.4588235294117647,0.8897338403041825,0.6054333764553687,0.6311876537687318,37,276,29,234,"['fracturas_1', 'medicacion_osteoporosis_1']"
LogisticRegression,185,2,0.4577028626701642,0.8929548841620377,0.4704861111111111,0.4588235294117647,0.8897338403041825,0.6054333764553687,0.6311876537687318,37,276,29,234,"['medicacion_osteoporosis_1', 'fracturas_1']"
LogisticRegression,192,2,0.4577028626701642,0.8929548841620377,0.4704861111111111,0.4588235294117647,0.8897338403041825,0.6054333764553687,0.6311876537687318,37,276,29,234,"['medicacion_osteoporosis_1', 'fracturas_1']"
LogisticRegression,193,2,0.4577028626701642,0.8929548841620377,0.4704861111111111,0.4588235294117647,0.8897338403041825,0.6054333764553687,0.6311876537687318,37,276,29,234,"['fracturas_1', 'medicacion_osteoporosis_1']"
LogisticRegression,196,2,0.4577028626701642,0.8929548841620377,0.4704861111111111,0.4588235294117647,0.8897338403041825,0.6054333764553687,0.6311876537687318,37,276,29,234,"['medicacion_osteoporosis_1', 'fracturas_1']"
LogisticRegression,197,2,0.4577028626701642,0.8929548841620377,0.4704861111111111,0.4588235294117647,0.8897338403041825,0.6054333764553687,0.6311876537687318,37,276,29,234,"['fracturas_1', 'medicacion_osteoporosis_1']"
SVC,13,2,0.4577028626701642,0.8929548841620377,0.4704861111111111,0.4588235294117647,0.8897338403041825,0.6054333764553687,0.6311876537687318,37,276,29,234,"['fracturas_1', 'medicacion_osteoporosis_1']"
SVC,16,2,0.4577028626701642,0.8929548841620377,0.4704861111111111,0.4588235294117647,0.8897338403041825,0.6054333764553687,0.6311876537687318,37,276,29,234,"['fracturas_1', 'medicacion_osteoporosis_1']"
SVC,35,2,0.4577028626701642,0.8929548841620377,0.4704861111111111,0.4588235294117647,0.8897338403041825,0.6054333764553687,0.6311876537687318,37,276,29,234,"['fracturas_1', 'medicacion_osteoporosis_1']"
SVC,37,2,0.4577028626701642,0.8929548841620377,0.4704861111111111,0.4588235294117647,0.8897338403041825,0.6054333764553687,0.6311876537687318,37,276,29,234,"['fracturas_1', 'medicacion_osteoporosis_1']"
SVC,40,2,0.4577028626701642,0.8929548841620377,0.4704861111111111,0.4588235294117647,0.8897338403041825,0.6054333764553687,0.6311876537687318,37,276,29,234,"['medicacion_osteoporosis_1', 'fracturas_1']"
SVC,47,2,0.4577028626701642,0.8929548841620377,0.4704861111111111,0.4588235294117647,0.8897338403041825,0.6054333764553687,0.6311876537687318,37,276,29,234,"['fracturas_1', 'medicacion_osteoporosis_1']"
SVC,61,2,0.4577028626701642,0.8929548841620377,0.4704861111111111,0.4588235294117647,0.8897338403041825,0.6054333764553687,0.6311876537687318,37,276,29,234,"['medicacion_osteoporosis_1', 'fracturas_1']"
SVC,62,2,0.4577028626701642,0.8929548841620377,0.4704861111111111,0.4588235294117647,0.8897338403041825,0.6054333764553687,0.6311876537687318,37,276,29,234,"['medicacion_osteoporosis_1', 'fracturas_1']"
SVC,64,2,0.4577028626701642,0.8929548841620377,0.4704861111111111,0.4588235294117647,0.8897338403041825,0.6054333764553687,0.6311876537687318,37,276,29,234,"['fracturas_1', 'medicacion_osteoporosis_1']"
SVC,65,2,0.4577028626701642,0.8929548841620377,0.4704861111111111,0.4588235294117647,0.8897338403041825,0.6054333764553687,0.6311876537687318,37,276,29,234,"['medicacion_osteoporosis_1', 'fracturas_1']"
SVC,69,2,0.4577028626701642,0.8929548841620377,0.4704861111111111,0.4588235294117647,0.8897338403041825,0.6054333764553687,0.6311876537687318,37,276,29,234,"['medicacion_osteoporosis_1', 'fracturas_1']"
SVC,76,2,0.4577028626701642,0.8929548841620377,0.4704861111111111,0.4588235294117647,0.8897338403041825,0.6054333764553687,0.6311876537687318,37,276,29,234,"['medicacion_osteoporosis_1', 'fracturas_1']"
SVC,78,2,0.4577028626701642,0.8929548841620377,0.4704861111111111,0.4588235294117647,0.8897338403041825,0.6054333764553687,0.6311876537687318,37,276,29,234,"['medicacion_osteoporosis_1', 'fracturas_1']"
SVC,85,2,0.4577028626701642,0.8929548841620377,0.4704861111111111,0.4588235294117647,0.8897338403041825,0.6054333764553687,0.6311876537687318,37,276,29,234,"['fracturas_1', 'medicacion_osteoporosis_1']"
SVC,89,2,0.4577028626701642,0.8929548841620377,0.4704861111111111,0.4588235294117647,0.8897338403041825,0.6054333764553687,0.6311876537687318,37,276,29,234,"['fracturas_1', 'medicacion_osteoporosis_1']"
SVC,91,2,0.4577028626701642,0.8929548841620377,0.4704861111111111,0.4588235294117647,0.8897338403041825,0.6054333764553687,0.6311876537687318,37,276,29,234,"['fracturas_1', 'medicacion_osteoporosis_1']"
SVC,92,2,0.4577028626701642,0.8929548841620377,0.4704861111111111,0.4588235294117647,0.8897338403041825,0.6054333764553687,0.6311876537687318,37,276,29,234,"['fracturas_1', 'medicacion_osteoporosis_1']"
SVC,98,2,0.4577028626701642,0.8929548841620377,0.4704861111111111,0.4588235294117647,0.8897338403041825,0.6054333764553687,0.6311876537687318,37,276,29,234,"['medicacion_osteoporosis_1', 'fracturas_1']"
SVC,101,2,0.4577028626701642,0.8929548841620377,0.4704861111111111,0.4588235294117647,0.8897338403041825,0.6054333764553687,0.6311876537687318,37,276,29,234,"['fracturas_1', 'medicacion_osteoporosis_1']"
SVC,108,2,0.4577028626701642,0.8929548841620377,0.4704861111111111,0.4588235294117647,0.8897338403041825,0.6054333764553687,0.6311876537687318,37,276,29,234,"['fracturas_1', 'medicacion_osteoporosis_1']"
SVC,109,2,0.4577028626701642,0.8929548841620377,0.4704861111111111,0.4588235294117647,0.8897338403041825,0.6054333764553687,0.6311876537687318,37,276,29,234,"['medicacion_osteoporosis_1', 'fracturas_1']"
SVC,110,2,0.4577028626701642,0.8929548841620377,0.4704861111111111,0.4588235294117647,0.8897338403041825,0.6054333764553687,0.6311876537687318,37,276,29,234,"['medicacion_osteoporosis_1', 'fracturas_1']"
SVC,131,2,0.4577028626701642,0.8929548841620377,0.4704861111111111,0.4588235294117647,0.8897338403041825,0.6054333764553687,0.6311876537687318,37,276,29,234,"['fracturas_1', 'medicacion_osteoporosis_1']"
SVC,141,2,0.4577028626701642,0.8929548841620377,0.4704861111111111,0.4588235294117647,0.8897338403041825,0.6054333764553687,0.6311876537687318,37,276,29,234,"['fracturas_1', 'medicacion_osteoporosis_1']"
SVC,147,2,0.4577028626701642,0.8929548841620377,0.4704861111111111,0.4588235294117647,0.8897338403041825,0.6054333764553687,0.6311876537687318,37,276,29,234,"['medicacion_osteoporosis_1', 'fracturas_1']"
SVC,151,2,0.4577028626701642,0.8929548841620377,0.4704861111111111,0.4588235294117647,0.8897338403041825,0.6054333764553687,0.6311876537687318,37,276,29,234,"['medicacion_osteoporosis_1', 'fracturas_1']"
SVC,154,2,0.4577028626701642,0.8929548841620377,0.4704861111111111,0.4588235294117647,0.8897338403041825,0.6054333764553687,0.6311876537687318,37,276,29,234,"['fracturas_1', 'medicacion_osteoporosis_1']"
SVC,155,2,0.4577028626701642,0.8929548841620377,0.4704861111111111,0.4588235294117647,0.8897338403041825,0.6054333764553687,0.6311876537687318,37,276,29,234,"['fracturas_1', 'medicacion_osteoporosis_1']"
SVC,159,2,0.4577028626701642,0.8929548841620377,0.4704861111111111,0.4588235294117647,0.8897338403041825,0.6054333764553687,0.6311876537687318,37,276,29,234,"['fracturas_1', 'medicacion_osteoporosis_1']"
SVC,163,2,0.4577028626701642,0.8929548841620377,0.4704861111111111,0.4588235294117647,0.8897338403041825,0.6054333764553687,0.6311876537687318,37,276,29,234,"['medicacion_osteoporosis_1', 'fracturas_1']"
SVC,168,2,0.4577028626701642,0.8929548841620377,0.4704861111111111,0.4588235294117647,0.8897338403041825,0.6054333764553687,0.6311876537687318,37,276,29,234,"['fracturas_1', 'medicacion_osteoporosis_1']"
SVC,172,2,0.4577028626701642,0.8929548841620377,0.4704861111111111,0.4588235294117647,0.8897338403041825,0.6054333764553687,0.6311876537687318,37,276,29,234,"['medicacion_osteoporosis_1', 'fracturas_1']"
SVC,175,2,0.4577028626701642,0.8929548841620377,0.4704861111111111,0.4588235294117647,0.8897338403041825,0.6054333764553687,0.6311876537687318,37,276,29,234,"['fracturas_1', 'medicacion_osteoporosis_1']"
SVC,183,2,0.4577028626701642,0.8929548841620377,0.4704861111111111,0.4588235294117647,0.8897338403041825,0.6054333764553687,0.6311876537687318,37,276,29,234,"['fracturas_1', 'medicacion_osteoporosis_1']"
SVC,189,2,0.4577028626701642,0.8929548841620377,0.4704861111111111,0.4588235294117647,0.8897338403041825,0.6054333764553687,0.6311876537687318,37,276,29,234,"['fracturas_1', 'medicacion_osteoporosis_1']"
SVC,191,2,0.4577028626701642,0.8929548841620377,0.4704861111111111,0.4588235294117647,0.8897338403041825,0.6054333764553687,0.6311876537687318,37,276,29,234,"['medicacion_osteoporosis_1', 'fracturas_1']"
SVC,195,2,0.4577028626701642,0.8929548841620377,0.4704861111111111,0.4588235294117647,0.8897338403041825,0.6054333764553687,0.6311876537687318,37,276,29,234,"['fracturas_1', 'medicacion_osteoporosis_1']"
SVC,15,17,0.599321260675923,0.7825226934019781,0.6284722222222222,0.5753846153846154,0.7110266159695817,0.6360544217687075,0.6296414156186019,175,138,76,187,"['selenio_sangre_umol_l', 'aprueba_cond4_1', 'edad_an', 'raza_etnia_7.0', 'raza_etnia_3.0', 'hdl_mmol_l', 'tamano_hogar', 'elegibilidad_balance_1', 'ldl_martin_mmol_l', 'periodo_examen_1', 'peso_kg', 'trigliceridos_mmol_l', 'neutrofilos_abs', 'ratio_albumina_creatinina', 'leucocitos_totales', 'volumen_corpuscular_medio', 'raza_etnia_2.0']"
LogisticRegression,22,2,0.4563958501414083,0.9143747459693807,0.4618055555555556,0.45436893203883494,0.8897338403041825,0.6015424164524421,0.628514895344974,32,281,29,234,"['caidas_1', 'medicacion_osteoporosis_1']"
LogisticRegression,27,2,0.4563958501414083,0.9143747459693807,0.4618055555555556,0.45436893203883494,0.8897338403041825,0.6015424164524421,0.628514895344974,32,281,29,234,"['medicacion_osteoporosis_1', 'caidas_1']"
LogisticRegression,41,2,0.4563958501414083,0.9143747459693807,0.4618055555555556,0.45436893203883494,0.8897338403041825,0.6015424164524421,0.628514895344974,32,281,29,234,"['medicacion_osteoporosis_1', 'caidas_1']"
LogisticRegression,70,2,0.4563958501414083,0.9143747459693807,0.4618055555555556,0.45436893203883494,0.8897338403041825,0.6015424164524421,0.628514895344974,32,281,29,234,"['caidas_1', 'medicacion_osteoporosis_1']"
LogisticRegression,81,2,0.4563958501414083,0.9143747459693807,0.4618055555555556,0.45436893203883494,0.8897338403041825,0.6015424164524421,0.628514895344974,32,281,29,234,"['medicacion_osteoporosis_1', 'caidas_1']"
LogisticRegression,97,2,0.4563958501414083,0.9143747459693807,0.4618055555555556,0.45436893203883494,0.8897338403041825,0.6015424164524421,0.628514895344974,32,281,29,234,"['medicacion_osteoporosis_1', 'caidas_1']"
LogisticRegression,109,2,0.4563958501414083,0.9143747459693807,0.4618055555555556,0.45436893203883494,0.8897338403041825,0.6015424164524421,0.628514895344974,32,281,29,234,"['caidas_1', 'medicacion_osteoporosis_1']"
LogisticRegression,116,2,0.4563958501414083,0.9143747459693807,0.4618055555555556,0.45436893203883494,0.8897338403041825,0.6015424164524421,0.628514895344974,32,281,29,234,"['medicacion_osteoporosis_1', 'caidas_1']"
LogisticRegression,128,2,0.4563958501414083,0.9143747459693807,0.4618055555555556,0.45436893203883494,0.8897338403041825,0.6015424164524421,0.628514895344974,32,281,29,234,"['medicacion_osteoporosis_1', 'caidas_1']"
LogisticRegression,145,2,0.4563958501414083,0.9143747459693807,0.4618055555555556,0.45436893203883494,0.8897338403041825,0.6015424164524421,0.628514895344974,32,281,29,234,"['medicacion_osteoporosis_1', 'caidas_1']"
LogisticRegression,152,2,0.4563958501414083,0.9143747459693807,0.4618055555555556,0.45436893203883494,0.8897338403041825,0.6015424164524421,0.628514895344974,32,281,29,234,"['caidas_1', 'medicacion_osteoporosis_1']"
LogisticRegression,155,2,0.4563958501414083,0.9143747459693807,0.4618055555555556,0.45436893203883494,0.8897338403041825,0.6015424164524421,0.628514895344974,32,281,29,234,"['medicacion_osteoporosis_1', 'caidas_1']"
LogisticRegression,177,2,0.4563958501414083,0.9143747459693807,0.4618055555555556,0.45436893203883494,0.8897338403041825,0.6015424164524421,0.628514895344974,32,281,29,234,"['caidas_1', 'medicacion_osteoporosis_1']"
LogisticRegression,178,2,0.4563958501414083,0.9143747459693807,0.4618055555555556,0.45436893203883494,0.8897338403041825,0.6015424164524421,0.628514895344974,32,281,29,234,"['caidas_1', 'medicacion_osteoporosis_1']"
LogisticRegression,180,2,0.4563958501414083,0.9143747459693807,0.4618055555555556,0.45436893203883494,0.8897338403041825,0.6015424164524421,0.628514895344974,32,281,29,234,"['medicacion_osteoporosis_1', 'caidas_1']"
LogisticRegression,183,2,0.4563958501414083,0.9143747459693807,0.4618055555555556,0.45436893203883494,0.8897338403041825,0.6015424164524421,0.628514895344974,32,281,29,234,"['medicacion_osteoporosis_1', 'caidas_1']"
LogisticRegression,190,2,0.4563958501414083,0.9143747459693807,0.4618055555555556,0.45436893203883494,0.8897338403041825,0.6015424164524421,0.628514895344974,32,281,29,234,"['medicacion_osteoporosis_1', 'caidas_1']"
LogisticRegression,191,2,0.4563958501414083,0.9143747459693807,0.4618055555555556,0.45436893203883494,0.8897338403041825,0.6015424164524421,0.628514895344974,32,281,29,234,"['medicacion_osteoporosis_1', 'caidas_1']"
LogisticRegression,194,2,0.4563958501414083,0.9143747459693807,0.4618055555555556,0.45436893203883494,0.8897338403041825,0.6015424164524421,0.628514895344974,32,281,29,234,"['caidas_1', 'medicacion_osteoporosis_1']"
SVC,0,2,0.45116681315381557,0.9292507790272321,0.4618055555555556,0.45436893203883494,0.8897338403041825,0.6015424164524421,0.628514895344974,32,281,29,234,"['caidas_1', 'medicacion_osteoporosis_1']"
SVC,8,2,0.45116681315381557,0.9292507790272321,0.4618055555555556,0.45436893203883494,0.8897338403041825,0.6015424164524421,0.628514895344974,32,281,29,234,"['medicacion_osteoporosis_1', 'caidas_1']"
SVC,31,2,0.45116681315381557,0.9292507790272321,0.4618055555555556,0.45436893203883494,0.8897338403041825,0.6015424164524421,0.628514895344974,32,281,29,234,"['medicacion_osteoporosis_1', 'caidas_1']"
SVC,39,2,0.45116681315381557,0.9292507790272321,0.4618055555555556,0.45436893203883494,0.8897338403041825,0.6015424164524421,0.628514895344974,32,281,29,234,"['medicacion_osteoporosis_1', 'caidas_1']"
SVC,49,2,0.45116681315381557,0.9292507790272321,0.4618055555555556,0.45436893203883494,0.8897338403041825,0.6015424164524421,0.628514895344974,32,281,29,234,"['medicacion_osteoporosis_1', 'caidas_1']"
SVC,50,2,0.45116681315381557,0.9292507790272321,0.4618055555555556,0.45436893203883494,0.8897338403041825,0.6015424164524421,0.628514895344974,32,281,29,234,"['caidas_1', 'medicacion_osteoporosis_1']"
SVC,54,2,0.45116681315381557,0.9292507790272321,0.4618055555555556,0.45436893203883494,0.8897338403041825,0.6015424164524421,0.628514895344974,32,281,29,234,"['medicacion_osteoporosis_1', 'caidas_1']"
SVC,58,2,0.45116681315381557,0.9292507790272321,0.4618055555555556,0.45436893203883494,0.8897338403041825,0.6015424164524421,0.628514895344974,32,281,29,234,"['caidas_1', 'medicacion_osteoporosis_1']"
SVC,60,2,0.45116681315381557,0.9292507790272321,0.4618055555555556,0.45436893203883494,0.8897338403041825,0.6015424164524421,0.628514895344974,32,281,29,234,"['medicacion_osteoporosis_1', 'caidas_1']"
SVC,71,2,0.45116681315381557,0.9292507790272321,0.4618055555555556,0.45436893203883494,0.8897338403041825,0.6015424164524421,0.628514895344974,32,281,29,234,"['medicacion_osteoporosis_1', 'caidas_1']"
SVC,73,2,0.45116681315381557,0.9292507790272321,0.4618055555555556,0.45436893203883494,0.8897338403041825,0.6015424164524421,0.628514895344974,32,281,29,234,"['caidas_1', 'medicacion_osteoporosis_1']"
SVC,126,2,0.45116681315381557,0.9292507790272321,0.4618055555555556,0.45436893203883494,0.8897338403041825,0.6015424164524421,0.628514895344974,32,281,29,234,"['caidas_1', 'medicacion_osteoporosis_1']"
SVC,140,2,0.45116681315381557,0.9292507790272321,0.4618055555555556,0.45436893203883494,0.8897338403041825,0.6015424164524421,0.628514895344974,32,281,29,234,"['medicacion_osteoporosis_1', 'caidas_1']"
SVC,150,2,0.45116681315381557,0.9292507790272321,0.4618055555555556,0.45436893203883494,0.8897338403041825,0.6015424164524421,0.628514895344974,32,281,29,234,"['medicacion_osteoporosis_1', 'caidas_1']"
SVC,166,2,0.45116681315381557,0.9292507790272321,0.4618055555555556,0.45436893203883494,0.8897338403041825,0.6015424164524421,0.628514895344974,32,281,29,234,"['caidas_1', 'medicacion_osteoporosis_1']"
SVC,169,2,0.45116681315381557,0.9292507790272321,0.4618055555555556,0.45436893203883494,0.8897338403041825,0.6015424164524421,0.628514895344974,32,281,29,234,"['medicacion_osteoporosis_1', 'caidas_1']"
SVC,171,2,0.45116681315381557,0.9292507790272321,0.4618055555555556,0.45436893203883494,0.8897338403041825,0.6015424164524421,0.628514895344974,32,281,29,234,"['medicacion_osteoporosis_1', 'caidas_1']"
SVC,197,2,0.45116681315381557,0.9292507790272321,0.4618055555555556,0.45436893203883494,0.8897338403041825,0.6015424164524421,0.628514895344974,32,281,29,234,"['caidas_1', 'medicacion_osteoporosis_1']"
SVC,17,12,0.5884608414359906,0.7842026825633384,0.6163194444444444,0.5621301775147929,0.7224334600760456,0.632279534109817,0.626251490539294,165,148,73,190,"['periodo_examen_1', 'edad_an', 'cadmio_sangre_nmol_l', 'tamano_manguito_pa_5.0', 'raza_etnia_3.0', 'pais_nacimiento_1', 'trigliceridos_mmol_l', 'convulsiones_1', 'raza_etnia_6.0', 'monocitos_abs', 'aprueba_cond4_1', 'peso_kg']"
LogisticRegression,3,2,0.4612849662116051,0.8434764937000405,0.4947916666666667,0.47058823529411764,0.8517110266159695,0.6062246278755075,0.6230373518228585,61,252,39,224,"['raza_etnia_2.0', 'fracturas_1']"
LogisticRegression,18,2,0.4612849662116051,0.8434764937000405,0.4947916666666667,0.47058823529411764,0.8517110266159695,0.6062246278755075,0.6230373518228585,61,252,39,224,"['raza_etnia_2.0', 'fracturas_1']"
LogisticRegression,36,2,0.4612849662116051,0.8434764937000405,0.4947916666666667,0.47058823529411764,0.8517110266159695,0.6062246278755075,0.6230373518228585,61,252,39,224,"['fracturas_1', 'raza_etnia_2.0']"
LogisticRegression,40,2,0.4612849662116051,0.8434764937000405,0.4947916666666667,0.47058823529411764,0.8517110266159695,0.6062246278755075,0.6230373518228585,61,252,39,224,"['raza_etnia_2.0', 'fracturas_1']"
LogisticRegression,44,2,0.4612849662116051,0.8434764937000405,0.4947916666666667,0.47058823529411764,0.8517110266159695,0.6062246278755075,0.6230373518228585,61,252,39,224,"['fracturas_1', 'raza_etnia_2.0']"
LogisticRegression,49,2,0.4612849662116051,0.8434764937000405,0.4947916666666667,0.47058823529411764,0.8517110266159695,0.6062246278755075,0.6230373518228585,61,252,39,224,"['raza_etnia_2.0', 'fracturas_1']"
LogisticRegression,55,2,0.4612849662116051,0.8434764937000405,0.4947916666666667,0.47058823529411764,0.8517110266159695,0.6062246278755075,0.6230373518228585,61,252,39,224,"['raza_etnia_2.0', 'fracturas_1']"
LogisticRegression,58,2,0.4612849662116051,0.8434764937000405,0.4947916666666667,0.47058823529411764,0.8517110266159695,0.6062246278755075,0.6230373518228585,61,252,39,224,"['fracturas_1', 'raza_etnia_2.0']"
LogisticRegression,64,2,0.4612849662116051,0.8434764937000405,0.4947916666666667,0.47058823529411764,0.8517110266159695,0.6062246278755075,0.6230373518228585,61,252,39,224,"['fracturas_1', 'raza_etnia_2.0']"
LogisticRegression,73,2,0.4612849662116051,0.8434764937000405,0.4947916666666667,0.47058823529411764,0.8517110266159695,0.6062246278755075,0.6230373518228585,61,252,39,224,"['fracturas_1', 'raza_etnia_2.0']"
LogisticRegression,76,2,0.4612849662116051,0.8434764937000405,0.4947916666666667,0.47058823529411764,0.8517110266159695,0.6062246278755075,0.6230373518228585,61,252,39,224,"['raza_etnia_2.0', 'fracturas_1']"
LogisticRegression,91,2,0.4612849662116051,0.8434764937000405,0.4947916666666667,0.47058823529411764,0.8517110266159695,0.6062246278755075,0.6230373518228585,61,252,39,224,"['raza_etnia_2.0', 'fracturas_1']"
LogisticRegression,117,2,0.4612849662116051,0.8434764937000405,0.4947916666666667,0.47058823529411764,0.8517110266159695,0.6062246278755075,0.6230373518228585,61,252,39,224,"['raza_etnia_2.0', 'fracturas_1']"
LogisticRegression,123,2,0.4612849662116051,0.8434764937000405,0.4947916666666667,0.47058823529411764,0.8517110266159695,0.6062246278755075,0.6230373518228585,61,252,39,224,"['fracturas_1', 'raza_etnia_2.0']"
LogisticRegression,138,2,0.4612849662116051,0.8434764937000405,0.4947916666666667,0.47058823529411764,0.8517110266159695,0.6062246278755075,0.6230373518228585,61,252,39,224,"['raza_etnia_2.0', 'fracturas_1']"
LogisticRegression,149,2,0.4612849662116051,0.8434764937000405,0.4947916666666667,0.47058823529411764,0.8517110266159695,0.6062246278755075,0.6230373518228585,61,252,39,224,"['raza_etnia_2.0', 'fracturas_1']"
LogisticRegression,153,2,0.4612849662116051,0.8434764937000405,0.4947916666666667,0.47058823529411764,0.8517110266159695,0.6062246278755075,0.6230373518228585,61,252,39,224,"['raza_etnia_2.0', 'fracturas_1']"
LogisticRegression,154,2,0.4612849662116051,0.8434764937000405,0.4947916666666667,0.47058823529411764,0.8517110266159695,0.6062246278755075,0.6230373518228585,61,252,39,224,"['raza_etnia_2.0', 'fracturas_1']"
LogisticRegression,157,2,0.4612849662116051,0.8434764937000405,0.4947916666666667,0.47058823529411764,0.8517110266159695,0.6062246278755075,0.6230373518228585,61,252,39,224,"['raza_etnia_2.0', 'fracturas_1']"
LogisticRegression,186,2,0.4612849662116051,0.8434764937000405,0.4947916666666667,0.47058823529411764,0.8517110266159695,0.6062246278755075,0.6230373518228585,61,252,39,224,"['fracturas_1', 'raza_etnia_2.0']"
LogisticRegression,187,2,0.4612849662116051,0.8434764937000405,0.4947916666666667,0.47058823529411764,0.8517110266159695,0.6062246278755075,0.6230373518228585,61,252,39,224,"['fracturas_1', 'raza_etnia_2.0']"
LogisticRegression,25,21,0.638357128804041,0.6885923316623763,0.6527777777777778,0.6179775280898876,0.6273764258555133,0.6226415094339622,0.6217370871961378,211,102,98,165,"['hemoglobina_g_dl', 'peso_kg', 'rigidez_mediana_kpa', 'intentos_totales_elasto', 'plaquetas_totales', 'medicacion_osteoporosis_1', 'trigliceridos_mmol_l', 'linfocitos_abs', 'pulso', ""tipo_sonda_elasto_b'M'"", 'hdl_mmol_l', 'monocitos_abs', 'raza_etnia_3.0', 'eosinofilos_abs', 'ldl_martin_mmol_l', 'ratio_pobreza', 'tiempo_seg_cond1', 'fracturas_1', 'edad_an', 'pais_nacimiento_1', 'estado_elastografia_1']"
SVC,12,37,0.6280132040819086,0.733044302939981,0.6423611111111112,0.5993031358885017,0.6539923954372624,0.6254545454545455,0.621178839708006,198,115,91,172,"['ldl_martin_mmol_l', 'volumen_plaquetario_medio', 'periodo_examen_1', 'imc', 'raza_etnia_3.0', 'eritrocitos_totales', 'creatinina_orina_umol_l', 'toma_antiacidos_1', 'eosinofilos_abs', 'volumen_corpuscular_medio', 'ratio_pobreza', 'genero_1', 'intentos_totales_elasto', 'monocitos_abs', 'ratio_albumina_creatinina', 'estado_examen_balance_1', 'psu', 'selenio_sangre_umol_l', 'pulso', 'edad_an', 'pais_nacimiento_1', ""tipo_sonda_elasto_b'XL'"", 'aprueba_cond4_1', 'neutrofilos_abs', 'cadmio_sangre_nmol_l', 'raza_etnia_7.0', 'trigliceridos_mmol_l', 'peso_kg', 'elegibilidad_balance_1', 'tamano_manguito_pa_5.0', 'hemoglobina_g_dl', 'peso_flebotomia', 'tamano_manguito_pa_4.0', 'linfocitos_abs', 'plaquetas_totales', 'medicacion_osteoporosis_1', 'tiempo_seg_cond3']"
SVC,29,27,0.6175210321298846,0.749546131960439,0.6267361111111112,0.5764331210191083,0.688212927756654,0.6273830155979203,0.6211450437141266,180,133,82,181,"['tiempo_seg_cond2', 'fracturas_1', 'convulsiones_1', ""tipo_sonda_elasto_b'M'"", 'cap_mediana_db_m', 'hdl_mmol_l', 'estado_examen_balance_1', 'plaquetas_totales', 'periodo_examen_1', 'edad_an', 'psu', 'ldl_martin_mmol_l', 'estado_elastografia_1', 'volumen_plaquetario_medio', 'cadmio_sangre_nmol_l', ""tipo_sonda_elasto_b'XL'"", 'raza_etnia_7.0', 'raza_etnia_6.0', 'tamano_manguito_pa_5.0', 'eosinofilos_abs', 'aprueba_cond4_1', 'eritrocitos_totales', 'tamano_manguito_pa_4.0', 'trigliceridos_mmol_l', 'peso_kg', 'ratio_albumina_creatinina', 'pais_nacimiento_1']"
LogisticRegression,28,29,0.6420679441437469,0.6572551144831322,0.6440972222222222,0.6028368794326241,0.6463878326996197,0.6238532110091743,0.6202572607394223,201,112,93,170,"['rigidez_iqr', 'altura_cm', 'trigliceridos_mmol_l', 'linfocitos_abs', 'genero_1', 'peso_flebotomia', 'pulso', 'raza_etnia_2.0', 'hdl_mmol_l', 'peso_kg', 'plaquetas_totales', 'albumina_orina_mg_l', 'caidas_1', 'intentos_totales_elasto', 'hemoglobina_g_dl', 'edad_an', 'medicacion_osteoporosis_1', 'estado_elastografia_1', 'proteina_c_reactiva_mg_l', 'neutrofilos_abs', 'cap_mediana_db_m', 'convulsiones_1', 'elegibilidad_balance_1', 'cadmio_sangre_nmol_l', 'aprueba_cond4_1', 'ancho_distribucion_eritrocitos', 'tiempo_seg_cond4', 'creatinina_orina_umol_l', 'eosinofilos_abs']"
SVC,3,8,0.5557892282717876,0.8071264056360927,0.5694444444444444,0.5191815856777494,0.7718631178707225,0.6207951070336392,0.6202541985549386,125,188,60,203,"['edad_an', 'selenio_sangre_umol_l', 'hdl_mmol_l', 'eosinofilos_abs', 'ratio_iqr_mediana', 'toma_antiacidos_1', 'ldl_martin_mmol_l', 'pais_nacimiento_1']"
SVC,20,40,0.6297696010887244,0.7150115160547351,0.6371527777777778,0.593103448275862,0.6539923954372624,0.6220614828209765,0.6174590271404221,195,118,91,172,"['peso_flebotomia', 'pulso', 'estado_examen_balance_1', 'volumen_plaquetario_medio', 'manganeso_sangre_nmol_l', 'raza_etnia_4.0', 'intentos_totales_elasto', 'caidas_1', 'monocitos_abs', 'pais_nacimiento_1', 'tiempo_seg_cond3', 'cap_mediana_db_m', 'volumen_corpuscular_medio', 'eosinofilos_abs', 'albumina_orina_mg_l', 'tamano_manguito_pa_4.0', ""tipo_sonda_elasto_b'M'"", 'raza_etnia_2.0', 'edad_an', 'cadmio_sangre_nmol_l', 'eritrocitos_totales', 'linfocitos_abs', 'genero_1', 'plaquetas_totales', 'largo_pierna_superior_cm', 'convulsiones_1', 'tiempo_seg_cond4', 'hemoglobina_g_dl', 'medicacion_osteoporosis_1', 'elegibilidad_balance_1', 'ratio_albumina_creatinina', 'fracturas_1', 'ldl_martin_mmol_l', 'raza_etnia_3.0', 'cap_iqr', 'trigliceridos_mmol_l', 'periodo_examen_1', 'ratio_pobreza', 'peso_kg', 'tamano_manguito_pa_5.0']"
SVC,23,27,0.619864335403563,0.7429616583118818,0.6215277777777778,0.5714285714285714,0.6844106463878327,0.6228373702422145,0.616621401412276,178,135,83,180,"['toma_antiacidos_1', 'tamano_manguito_pa_4.0', 'aprueba_cond4_1', 'cap_mediana_db_m', 'eritrocitos_totales', 'plomo_sangre_umol_l', 'trigliceridos_mmol_l', 'raza_etnia_7.0', 'psu', 'ratio_albumina_creatinina', ""tipo_sonda_elasto_b'XL'"", 'estado_examen_balance_1', 'eosinofilos_abs', 'ldl_martin_mmol_l', 'hdl_mmol_l', 'estado_elastografia_1', 'raza_etnia_6.0', 'peso_kg', 'convulsiones_1', 'plaquetas_totales', ""tipo_sonda_elasto_b'M'"", 'volumen_plaquetario_medio', 'edad_an', 'cadmio_sangre_nmol_l', 'periodo_examen_1', 'tiempo_seg_cond2', 'tamano_manguito_pa_5.0']"
SVC,22,11,0.5882513756085238,0.7956916406990924,0.6076388888888888,0.5552238805970149,0.7072243346007605,0.6220735785953178,0.6160240621985131,164,149,77,186,"['raza_etnia_7.0', 'albumina_orina_mg_l', 'monocitos_abs', 'edad_an', ""tipo_sonda_elasto_b'M'"", 'trigliceridos_mmol_l', 'periodo_examen_1', 'tamano_manguito_pa_5.0', 'ratio_albumina_creatinina', 'peso_kg', 'pais_nacimiento_1']"
LogisticRegression,24,2,0.4612343869618753,0.8599376778214335,0.4913194444444444,0.46808510638297873,0.8365019011406845,0.6002728512960437,0.615451824286061,63,250,43,220,"['caidas_1', 'raza_etnia_2.0']"
LogisticRegression,26,2,0.4612343869618753,0.8599376778214335,0.4913194444444444,0.46808510638297873,0.8365019011406845,0.6002728512960437,0.615451824286061,63,250,43,220,"['caidas_1', 'raza_etnia_2.0']"
LogisticRegression,43,2,0.4612343869618753,0.8599376778214335,0.4913194444444444,0.46808510638297873,0.8365019011406845,0.6002728512960437,0.615451824286061,63,250,43,220,"['raza_etnia_2.0', 'caidas_1']"
LogisticRegression,72,2,0.4612343869618753,0.8599376778214335,0.4913194444444444,0.46808510638297873,0.8365019011406845,0.6002728512960437,0.615451824286061,63,250,43,220,"['raza_etnia_2.0', 'caidas_1']"
LogisticRegression,74,2,0.4612343869618753,0.8599376778214335,0.4913194444444444,0.46808510638297873,0.8365019011406845,0.6002728512960437,0.615451824286061,63,250,43,220,"['raza_etnia_2.0', 'caidas_1']"
LogisticRegression,77,2,0.4612343869618753,0.8599376778214335,0.4913194444444444,0.46808510638297873,0.8365019011406845,0.6002728512960437,0.615451824286061,63,250,43,220,"['raza_etnia_2.0', 'caidas_1']"
LogisticRegression,78,2,0.4612343869618753,0.8599376778214335,0.4913194444444444,0.46808510638297873,0.8365019011406845,0.6002728512960437,0.615451824286061,63,250,43,220,"['caidas_1', 'raza_etnia_2.0']"
LogisticRegression,100,2,0.4612343869618753,0.8599376778214335,0.4913194444444444,0.46808510638297873,0.8365019011406845,0.6002728512960437,0.615451824286061,63,250,43,220,"['raza_etnia_2.0', 'caidas_1']"
LogisticRegression,102,2,0.4612343869618753,0.8599376778214335,0.4913194444444444,0.46808510638297873,0.8365019011406845,0.6002728512960437,0.615451824286061,63,250,43,220,"['raza_etnia_2.0', 'caidas_1']"
LogisticRegression,110,2,0.4612343869618753,0.8599376778214335,0.4913194444444444,0.46808510638297873,0.8365019011406845,0.6002728512960437,0.615451824286061,63,250,43,220,"['caidas_1', 'raza_etnia_2.0']"
LogisticRegression,115,2,0.4612343869618753,0.8599376778214335,0.4913194444444444,0.46808510638297873,0.8365019011406845,0.6002728512960437,0.615451824286061,63,250,43,220,"['raza_etnia_2.0', 'caidas_1']"
LogisticRegression,120,2,0.4612343869618753,0.8599376778214335,0.4913194444444444,0.46808510638297873,0.8365019011406845,0.6002728512960437,0.615451824286061,63,250,43,220,"['caidas_1', 'raza_etnia_2.0']"
LogisticRegression,129,2,0.4612343869618753,0.8599376778214335,0.4913194444444444,0.46808510638297873,0.8365019011406845,0.6002728512960437,0.615451824286061,63,250,43,220,"['caidas_1', 'raza_etnia_2.0']"
LogisticRegression,137,2,0.4612343869618753,0.8599376778214335,0.4913194444444444,0.46808510638297873,0.8365019011406845,0.6002728512960437,0.615451824286061,63,250,43,220,"['raza_etnia_2.0', 'caidas_1']"
LogisticRegression,146,2,0.4612343869618753,0.8599376778214335,0.4913194444444444,0.46808510638297873,0.8365019011406845,0.6002728512960437,0.615451824286061,63,250,43,220,"['raza_etnia_2.0', 'caidas_1']"
LogisticRegression,160,2,0.4612343869618753,0.8599376778214335,0.4913194444444444,0.46808510638297873,0.8365019011406845,0.6002728512960437,0.615451824286061,63,250,43,220,"['caidas_1', 'raza_etnia_2.0']"
LogisticRegression,167,2,0.4612343869618753,0.8599376778214335,0.4913194444444444,0.46808510638297873,0.8365019011406845,0.6002728512960437,0.615451824286061,63,250,43,220,"['raza_etnia_2.0', 'caidas_1']"
SVC,26,27,0.6176111770160946,0.7462674434358487,0.6215277777777778,0.5718849840255591,0.6806083650190115,0.6215277777777778,0.61537433642294,179,134,84,179,"['plomo_sangre_umol_l', 'ldl_martin_mmol_l', 'hdl_mmol_l', 'volumen_plaquetario_medio', 'ratio_albumina_creatinina', ""tipo_sonda_elasto_b'M'"", 'eosinofilos_abs', 'psu', 'periodo_examen_1', 'trigliceridos_mmol_l', 'tamano_manguito_pa_5.0', 'pais_nacimiento_1', 'peso_kg', 'estado_elastografia_1', 'aprueba_cond4_1', ""tipo_sonda_elasto_b'XL'"", 'eritrocitos_totales', 'raza_etnia_6.0', 'cadmio_sangre_nmol_l', 'edad_an', 'convulsiones_1', 'cap_mediana_db_m', 'raza_etnia_7.0', 'tiempo_seg_cond2', 'estado_examen_balance_1', 'tamano_manguito_pa_4.0', 'plaquetas_totales']"
SVC,19,10,0.5861252737804643,0.7957051889987807,0.6006944444444444,0.5481049562682215,0.714828897338403,0.6204620462046204,0.6147945326962941,158,155,75,188,"['estado_elastografia_1', 'peso_kg', 'raza_etnia_7.0', 'ratio_albumina_creatinina', ""tipo_sonda_elasto_b'M'"", 'edad_an', 'trigliceridos_mmol_l', 'albumina_orina_mg_l', 'monocitos_abs', 'tamano_manguito_pa_5.0']"
SVC,10,27,0.6145413353727657,0.7660479609808969,0.6076388888888888,0.5555555555555556,0.7034220532319392,0.6208053691275168,0.614702154626109,165,148,78,185,"['trigliceridos_mmol_l', 'hdl_mmol_l', 'peso_kg', 'tamano_manguito_pa_5.0', 'volumen_plaquetario_medio', 'raza_etnia_6.0', ""tipo_sonda_elasto_b'M'"", 'tamano_manguito_pa_4.0', 'estado_examen_balance_1', 'plaquetas_totales', 'caidas_1', 'tiempo_seg_cond2', 'ratio_iqr_mediana', 'estado_elastografia_1', 'eosinofilos_abs', 'psu', 'cadmio_sangre_nmol_l', 'convulsiones_1', 'conc_hemoglobina_media', 'ratio_albumina_creatinina', 'aprueba_cond4_1', 'raza_etnia_7.0', 'ldl_martin_mmol_l', 'edad_an', 'fracturas_1', ""tipo_sonda_elasto_b'XL'"", 'eritrocitos_totales']"
SVC,24,27,0.6178270544111062,0.7430158515106354,0.6197916666666666,0.5700636942675159,0.6806083650190115,0.6204506065857885,0.6142815625681142,178,135,84,179,"['cadmio_sangre_nmol_l', 'cap_mediana_db_m', 'ldl_martin_mmol_l', 'plaquetas_totales', 'estado_elastografia_1', 'trigliceridos_mmol_l', 'albumina_orina_mg_l', ""tipo_sonda_elasto_b'XL'"", 'tiempo_seg_cond2', 'volumen_plaquetario_medio', 'eosinofilos_abs', 'tamano_manguito_pa_4.0', 'periodo_examen_1', 'raza_etnia_4.0', 'eritrocitos_totales', 'linfocitos_abs', 'convulsiones_1', 'peso_kg', 'tamano_manguito_pa_5.0', 'edad_an', 'estado_examen_balance_1', 'aprueba_cond4_1', 'ratio_albumina_creatinina', 'raza_etnia_6.0', 'fracturas_1', 'psu', 'plomo_sangre_umol_l']"
SVC,21,10,0.5814771410348933,0.7973580815607642,0.5989583333333334,0.5465116279069767,0.714828897338403,0.6194398682042833,0.6138385356795473,157,156,75,188,"['ratio_albumina_creatinina', 'caidas_1', 'edad_an', 'trigliceridos_mmol_l', 'peso_flebotomia', 'tamano_manguito_pa_5.0', 'peso_kg', 'toma_suplementos_1', 'pais_nacimiento_1', 'monocitos_abs']"
SVC,7,2,0.45306451357652594,0.9043896490990381,0.4461805555555556,0.44509803921568625,0.8631178707224335,0.5873221216041398,0.6123059718183852,30,283,36,227,"['fracturas_1', 'caidas_1']"
SVC,18,2,0.45306451357652594,0.9043896490990381,0.4461805555555556,0.44509803921568625,0.8631178707224335,0.5873221216041398,0.6123059718183852,30,283,36,227,"['fracturas_1', 'caidas_1']"
SVC,30,2,0.45306451357652594,0.9043896490990381,0.4461805555555556,0.44509803921568625,0.8631178707224335,0.5873221216041398,0.6123059718183852,30,283,36,227,"['fracturas_1', 'caidas_1']"
SVC,32,2,0.45306451357652594,0.9043896490990381,0.4461805555555556,0.44509803921568625,0.8631178707224335,0.5873221216041398,0.6123059718183852,30,283,36,227,"['fracturas_1', 'caidas_1']"
SVC,33,2,0.45306451357652594,0.9043896490990381,0.4461805555555556,0.44509803921568625,0.8631178707224335,0.5873221216041398,0.6123059718183852,30,283,36,227,"['caidas_1', 'fracturas_1']"
SVC,34,2,0.45306451357652594,0.9043896490990381,0.4461805555555556,0.44509803921568625,0.8631178707224335,0.5873221216041398,0.6123059718183852,30,283,36,227,"['caidas_1', 'fracturas_1']"
SVC,36,2,0.45306451357652594,0.9043896490990381,0.4461805555555556,0.44509803921568625,0.8631178707224335,0.5873221216041398,0.6123059718183852,30,283,36,227,"['fracturas_1', 'caidas_1']"
SVC,38,2,0.45306451357652594,0.9043896490990381,0.4461805555555556,0.44509803921568625,0.8631178707224335,0.5873221216041398,0.6123059718183852,30,283,36,227,"['fracturas_1', 'caidas_1']"
SVC,41,2,0.45306451357652594,0.9043896490990381,0.4461805555555556,0.44509803921568625,0.8631178707224335,0.5873221216041398,0.6123059718183852,30,283,36,227,"['fracturas_1', 'caidas_1']"
SVC,42,2,0.45306451357652594,0.9043896490990381,0.4461805555555556,0.44509803921568625,0.8631178707224335,0.5873221216041398,0.6123059718183852,30,283,36,227,"['fracturas_1', 'caidas_1']"
SVC,44,2,0.45306451357652594,0.9043896490990381,0.4461805555555556,0.44509803921568625,0.8631178707224335,0.5873221216041398,0.6123059718183852,30,283,36,227,"['fracturas_1', 'caidas_1']"
SVC,45,2,0.45306451357652594,0.9043896490990381,0.4461805555555556,0.44509803921568625,0.8631178707224335,0.5873221216041398,0.6123059718183852,30,283,36,227,"['fracturas_1', 'caidas_1']"
SVC,46,2,0.45306451357652594,0.9043896490990381,0.4461805555555556,0.44509803921568625,0.8631178707224335,0.5873221216041398,0.6123059718183852,30,283,36,227,"['caidas_1', 'fracturas_1']"
SVC,48,2,0.45306451357652594,0.9043896490990381,0.4461805555555556,0.44509803921568625,0.8631178707224335,0.5873221216041398,0.6123059718183852,30,283,36,227,"['caidas_1', 'fracturas_1']"
SVC,51,2,0.45306451357652594,0.9043896490990381,0.4461805555555556,0.44509803921568625,0.8631178707224335,0.5873221216041398,0.6123059718183852,30,283,36,227,"['caidas_1', 'fracturas_1']"
SVC,52,2,0.45306451357652594,0.9043896490990381,0.4461805555555556,0.44509803921568625,0.8631178707224335,0.5873221216041398,0.6123059718183852,30,283,36,227,"['fracturas_1', 'caidas_1']"
SVC,53,2,0.45306451357652594,0.9043896490990381,0.4461805555555556,0.44509803921568625,0.8631178707224335,0.5873221216041398,0.6123059718183852,30,283,36,227,"['caidas_1', 'fracturas_1']"
SVC,55,2,0.45306451357652594,0.9043896490990381,0.4461805555555556,0.44509803921568625,0.8631178707224335,0.5873221216041398,0.6123059718183852,30,283,36,227,"['fracturas_1', 'caidas_1']"
SVC,56,2,0.45306451357652594,0.9043896490990381,0.4461805555555556,0.44509803921568625,0.8631178707224335,0.5873221216041398,0.6123059718183852,30,283,36,227,"['fracturas_1', 'caidas_1']"
SVC,57,2,0.45306451357652594,0.9043896490990381,0.4461805555555556,0.44509803921568625,0.8631178707224335,0.5873221216041398,0.6123059718183852,30,283,36,227,"['caidas_1', 'fracturas_1']"
SVC,59,2,0.45306451357652594,0.9043896490990381,0.4461805555555556,0.44509803921568625,0.8631178707224335,0.5873221216041398,0.6123059718183852,30,283,36,227,"['fracturas_1', 'caidas_1']"
SVC,63,2,0.45306451357652594,0.9043896490990381,0.4461805555555556,0.44509803921568625,0.8631178707224335,0.5873221216041398,0.6123059718183852,30,283,36,227,"['fracturas_1', 'caidas_1']"
SVC,66,2,0.45306451357652594,0.9043896490990381,0.4461805555555556,0.44509803921568625,0.8631178707224335,0.5873221216041398,0.6123059718183852,30,283,36,227,"['fracturas_1', 'caidas_1']"
SVC,67,2,0.45306451357652594,0.9043896490990381,0.4461805555555556,0.44509803921568625,0.8631178707224335,0.5873221216041398,0.6123059718183852,30,283,36,227,"['caidas_1', 'fracturas_1']"
SVC,68,2,0.45306451357652594,0.9043896490990381,0.4461805555555556,0.44509803921568625,0.8631178707224335,0.5873221216041398,0.6123059718183852,30,283,36,227,"['fracturas_1', 'caidas_1']"
SVC,70,2,0.45306451357652594,0.9043896490990381,0.4461805555555556,0.44509803921568625,0.8631178707224335,0.5873221216041398,0.6123059718183852,30,283,36,227,"['caidas_1', 'fracturas_1']"
SVC,72,2,0.45306451357652594,0.9043896490990381,0.4461805555555556,0.44509803921568625,0.8631178707224335,0.5873221216041398,0.6123059718183852,30,283,36,227,"['caidas_1', 'fracturas_1']"
SVC,74,2,0.45306451357652594,0.9043896490990381,0.4461805555555556,0.44509803921568625,0.8631178707224335,0.5873221216041398,0.6123059718183852,30,283,36,227,"['caidas_1', 'fracturas_1']"
SVC,75,2,0.45306451357652594,0.9043896490990381,0.4461805555555556,0.44509803921568625,0.8631178707224335,0.5873221216041398,0.6123059718183852,30,283,36,227,"['fracturas_1', 'caidas_1']"
SVC,77,2,0.45306451357652594,0.9043896490990381,0.4461805555555556,0.44509803921568625,0.8631178707224335,0.5873221216041398,0.6123059718183852,30,283,36,227,"['caidas_1', 'fracturas_1']"
SVC,79,2,0.45306451357652594,0.9043896490990381,0.4461805555555556,0.44509803921568625,0.8631178707224335,0.5873221216041398,0.6123059718183852,30,283,36,227,"['fracturas_1', 'caidas_1']"
SVC,80,2,0.45306451357652594,0.9043896490990381,0.4461805555555556,0.44509803921568625,0.8631178707224335,0.5873221216041398,0.6123059718183852,30,283,36,227,"['caidas_1', 'fracturas_1']"
SVC,81,2,0.45306451357652594,0.9043896490990381,0.4461805555555556,0.44509803921568625,0.8631178707224335,0.5873221216041398,0.6123059718183852,30,283,36,227,"['fracturas_1', 'caidas_1']"
SVC,82,2,0.45306451357652594,0.9043896490990381,0.4461805555555556,0.44509803921568625,0.8631178707224335,0.5873221216041398,0.6123059718183852,30,283,36,227,"['fracturas_1', 'caidas_1']"
SVC,83,2,0.45306451357652594,0.9043896490990381,0.4461805555555556,0.44509803921568625,0.8631178707224335,0.5873221216041398,0.6123059718183852,30,283,36,227,"['caidas_1', 'fracturas_1']"
SVC,84,2,0.45306451357652594,0.9043896490990381,0.4461805555555556,0.44509803921568625,0.8631178707224335,0.5873221216041398,0.6123059718183852,30,283,36,227,"['fracturas_1', 'caidas_1']"
SVC,86,2,0.45306451357652594,0.9043896490990381,0.4461805555555556,0.44509803921568625,0.8631178707224335,0.5873221216041398,0.6123059718183852,30,283,36,227,"['caidas_1', 'fracturas_1']"
SVC,87,2,0.45306451357652594,0.9043896490990381,0.4461805555555556,0.44509803921568625,0.8631178707224335,0.5873221216041398,0.6123059718183852,30,283,36,227,"['fracturas_1', 'caidas_1']"
SVC,88,2,0.45306451357652594,0.9043896490990381,0.4461805555555556,0.44509803921568625,0.8631178707224335,0.5873221216041398,0.6123059718183852,30,283,36,227,"['fracturas_1', 'caidas_1']"
SVC,90,2,0.45306451357652594,0.9043896490990381,0.4461805555555556,0.44509803921568625,0.8631178707224335,0.5873221216041398,0.6123059718183852,30,283,36,227,"['fracturas_1', 'caidas_1']"
SVC,93,2,0.45306451357652594,0.9043896490990381,0.4461805555555556,0.44509803921568625,0.8631178707224335,0.5873221216041398,0.6123059718183852,30,283,36,227,"['fracturas_1', 'caidas_1']"
SVC,94,2,0.45306451357652594,0.9043896490990381,0.4461805555555556,0.44509803921568625,0.8631178707224335,0.5873221216041398,0.6123059718183852,30,283,36,227,"['fracturas_1', 'caidas_1']"
SVC,95,2,0.45306451357652594,0.9043896490990381,0.4461805555555556,0.44509803921568625,0.8631178707224335,0.5873221216041398,0.6123059718183852,30,283,36,227,"['fracturas_1', 'caidas_1']"
SVC,96,2,0.45306451357652594,0.9043896490990381,0.4461805555555556,0.44509803921568625,0.8631178707224335,0.5873221216041398,0.6123059718183852,30,283,36,227,"['caidas_1', 'fracturas_1']"
SVC,97,2,0.45306451357652594,0.9043896490990381,0.4461805555555556,0.44509803921568625,0.8631178707224335,0.5873221216041398,0.6123059718183852,30,283,36,227,"['caidas_1', 'fracturas_1']"
SVC,99,2,0.45306451357652594,0.9043896490990381,0.4461805555555556,0.44509803921568625,0.8631178707224335,0.5873221216041398,0.6123059718183852,30,283,36,227,"['fracturas_1', 'caidas_1']"
SVC,100,2,0.45306451357652594,0.9043896490990381,0.4461805555555556,0.44509803921568625,0.8631178707224335,0.5873221216041398,0.6123059718183852,30,283,36,227,"['fracturas_1', 'caidas_1']"
SVC,102,2,0.45306451357652594,0.9043896490990381,0.4461805555555556,0.44509803921568625,0.8631178707224335,0.5873221216041398,0.6123059718183852,30,283,36,227,"['fracturas_1', 'caidas_1']"
SVC,103,2,0.45306451357652594,0.9043896490990381,0.4461805555555556,0.44509803921568625,0.8631178707224335,0.5873221216041398,0.6123059718183852,30,283,36,227,"['fracturas_1', 'caidas_1']"
SVC,104,2,0.45306451357652594,0.9043896490990381,0.4461805555555556,0.44509803921568625,0.8631178707224335,0.5873221216041398,0.6123059718183852,30,283,36,227,"['caidas_1', 'fracturas_1']"
SVC,105,2,0.45306451357652594,0.9043896490990381,0.4461805555555556,0.44509803921568625,0.8631178707224335,0.5873221216041398,0.6123059718183852,30,283,36,227,"['fracturas_1', 'caidas_1']"
SVC,106,2,0.45306451357652594,0.9043896490990381,0.4461805555555556,0.44509803921568625,0.8631178707224335,0.5873221216041398,0.6123059718183852,30,283,36,227,"['caidas_1', 'fracturas_1']"
SVC,107,2,0.45306451357652594,0.9043896490990381,0.4461805555555556,0.44509803921568625,0.8631178707224335,0.5873221216041398,0.6123059718183852,30,283,36,227,"['fracturas_1', 'caidas_1']"
SVC,111,2,0.45306451357652594,0.9043896490990381,0.4461805555555556,0.44509803921568625,0.8631178707224335,0.5873221216041398,0.6123059718183852,30,283,36,227,"['caidas_1', 'fracturas_1']"
SVC,112,2,0.45306451357652594,0.9043896490990381,0.4461805555555556,0.44509803921568625,0.8631178707224335,0.5873221216041398,0.6123059718183852,30,283,36,227,"['caidas_1', 'fracturas_1']"
SVC,113,2,0.45306451357652594,0.9043896490990381,0.4461805555555556,0.44509803921568625,0.8631178707224335,0.5873221216041398,0.6123059718183852,30,283,36,227,"['caidas_1', 'fracturas_1']"
SVC,114,2,0.45306451357652594,0.9043896490990381,0.4461805555555556,0.44509803921568625,0.8631178707224335,0.5873221216041398,0.6123059718183852,30,283,36,227,"['caidas_1', 'fracturas_1']"
SVC,115,2,0.45306451357652594,0.9043896490990381,0.4461805555555556,0.44509803921568625,0.8631178707224335,0.5873221216041398,0.6123059718183852,30,283,36,227,"['fracturas_1', 'caidas_1']"
SVC,116,2,0.45306451357652594,0.9043896490990381,0.4461805555555556,0.44509803921568625,0.8631178707224335,0.5873221216041398,0.6123059718183852,30,283,36,227,"['caidas_1', 'fracturas_1']"
SVC,117,2,0.45306451357652594,0.9043896490990381,0.4461805555555556,0.44509803921568625,0.8631178707224335,0.5873221216041398,0.6123059718183852,30,283,36,227,"['caidas_1', 'fracturas_1']"
SVC,118,2,0.45306451357652594,0.9043896490990381,0.4461805555555556,0.44509803921568625,0.8631178707224335,0.5873221216041398,0.6123059718183852,30,283,36,227,"['caidas_1', 'fracturas_1']"
SVC,119,2,0.45306451357652594,0.9043896490990381,0.4461805555555556,0.44509803921568625,0.8631178707224335,0.5873221216041398,0.6123059718183852,30,283,36,227,"['caidas_1', 'fracturas_1']"
SVC,120,2,0.45306451357652594,0.9043896490990381,0.4461805555555556,0.44509803921568625,0.8631178707224335,0.5873221216041398,0.6123059718183852,30,283,36,227,"['fracturas_1', 'caidas_1']"
SVC,121,2,0.45306451357652594,0.9043896490990381,0.4461805555555556,0.44509803921568625,0.8631178707224335,0.5873221216041398,0.6123059718183852,30,283,36,227,"['fracturas_1', 'caidas_1']"
SVC,122,2,0.45306451357652594,0.9043896490990381,0.4461805555555556,0.44509803921568625,0.8631178707224335,0.5873221216041398,0.6123059718183852,30,283,36,227,"['fracturas_1', 'caidas_1']"
SVC,123,2,0.45306451357652594,0.9043896490990381,0.4461805555555556,0.44509803921568625,0.8631178707224335,0.5873221216041398,0.6123059718183852,30,283,36,227,"['caidas_1', 'fracturas_1']"
SVC,124,2,0.45306451357652594,0.9043896490990381,0.4461805555555556,0.44509803921568625,0.8631178707224335,0.5873221216041398,0.6123059718183852,30,283,36,227,"['fracturas_1', 'caidas_1']"
SVC,125,2,0.45306451357652594,0.9043896490990381,0.4461805555555556,0.44509803921568625,0.8631178707224335,0.5873221216041398,0.6123059718183852,30,283,36,227,"['caidas_1', 'fracturas_1']"
SVC,127,2,0.45306451357652594,0.9043896490990381,0.4461805555555556,0.44509803921568625,0.8631178707224335,0.5873221216041398,0.6123059718183852,30,283,36,227,"['fracturas_1', 'caidas_1']"
SVC,128,2,0.45306451357652594,0.9043896490990381,0.4461805555555556,0.44509803921568625,0.8631178707224335,0.5873221216041398,0.6123059718183852,30,283,36,227,"['caidas_1', 'fracturas_1']"
SVC,129,2,0.45306451357652594,0.9043896490990381,0.4461805555555556,0.44509803921568625,0.8631178707224335,0.5873221216041398,0.6123059718183852,30,283,36,227,"['fracturas_1', 'caidas_1']"
SVC,130,2,0.45306451357652594,0.9043896490990381,0.4461805555555556,0.44509803921568625,0.8631178707224335,0.5873221216041398,0.6123059718183852,30,283,36,227,"['fracturas_1', 'caidas_1']"
SVC,132,2,0.45306451357652594,0.9043896490990381,0.4461805555555556,0.44509803921568625,0.8631178707224335,0.5873221216041398,0.6123059718183852,30,283,36,227,"['caidas_1', 'fracturas_1']"
SVC,133,2,0.45306451357652594,0.9043896490990381,0.4461805555555556,0.44509803921568625,0.8631178707224335,0.5873221216041398,0.6123059718183852,30,283,36,227,"['caidas_1', 'fracturas_1']"
SVC,134,2,0.45306451357652594,0.9043896490990381,0.4461805555555556,0.44509803921568625,0.8631178707224335,0.5873221216041398,0.6123059718183852,30,283,36,227,"['fracturas_1', 'caidas_1']"
SVC,135,2,0.45306451357652594,0.9043896490990381,0.4461805555555556,0.44509803921568625,0.8631178707224335,0.5873221216041398,0.6123059718183852,30,283,36,227,"['fracturas_1', 'caidas_1']"
SVC,136,2,0.45306451357652594,0.9043896490990381,0.4461805555555556,0.44509803921568625,0.8631178707224335,0.5873221216041398,0.6123059718183852,30,283,36,227,"['caidas_1', 'fracturas_1']"
SVC,137,2,0.45306451357652594,0.9043896490990381,0.4461805555555556,0.44509803921568625,0.8631178707224335,0.5873221216041398,0.6123059718183852,30,283,36,227,"['fracturas_1', 'caidas_1']"
SVC,138,2,0.45306451357652594,0.9043896490990381,0.4461805555555556,0.44509803921568625,0.8631178707224335,0.5873221216041398,0.6123059718183852,30,283,36,227,"['fracturas_1', 'caidas_1']"
SVC,139,2,0.45306451357652594,0.9043896490990381,0.4461805555555556,0.44509803921568625,0.8631178707224335,0.5873221216041398,0.6123059718183852,30,283,36,227,"['caidas_1', 'fracturas_1']"
SVC,142,2,0.45306451357652594,0.9043896490990381,0.4461805555555556,0.44509803921568625,0.8631178707224335,0.5873221216041398,0.6123059718183852,30,283,36,227,"['caidas_1', 'fracturas_1']"
SVC,144,2,0.45306451357652594,0.9043896490990381,0.4461805555555556,0.44509803921568625,0.8631178707224335,0.5873221216041398,0.6123059718183852,30,283,36,227,"['caidas_1', 'fracturas_1']"
SVC,145,2,0.45306451357652594,0.9043896490990381,0.4461805555555556,0.44509803921568625,0.8631178707224335,0.5873221216041398,0.6123059718183852,30,283,36,227,"['caidas_1', 'fracturas_1']"
SVC,146,2,0.45306451357652594,0.9043896490990381,0.4461805555555556,0.44509803921568625,0.8631178707224335,0.5873221216041398,0.6123059718183852,30,283,36,227,"['caidas_1', 'fracturas_1']"
SVC,148,2,0.45306451357652594,0.9043896490990381,0.4461805555555556,0.44509803921568625,0.8631178707224335,0.5873221216041398,0.6123059718183852,30,283,36,227,"['caidas_1', 'fracturas_1']"
SVC,149,2,0.45306451357652594,0.9043896490990381,0.4461805555555556,0.44509803921568625,0.8631178707224335,0.5873221216041398,0.6123059718183852,30,283,36,227,"['caidas_1', 'fracturas_1']"
SVC,152,2,0.45306451357652594,0.9043896490990381,0.4461805555555556,0.44509803921568625,0.8631178707224335,0.5873221216041398,0.6123059718183852,30,283,36,227,"['fracturas_1', 'caidas_1']"
SVC,153,2,0.45306451357652594,0.9043896490990381,0.4461805555555556,0.44509803921568625,0.8631178707224335,0.5873221216041398,0.6123059718183852,30,283,36,227,"['fracturas_1', 'caidas_1']"
SVC,156,2,0.45306451357652594,0.9043896490990381,0.4461805555555556,0.44509803921568625,0.8631178707224335,0.5873221216041398,0.6123059718183852,30,283,36,227,"['caidas_1', 'fracturas_1']"
SVC,157,2,0.45306451357652594,0.9043896490990381,0.4461805555555556,0.44509803921568625,0.8631178707224335,0.5873221216041398,0.6123059718183852,30,283,36,227,"['caidas_1', 'fracturas_1']"
SVC,158,2,0.45306451357652594,0.9043896490990381,0.4461805555555556,0.44509803921568625,0.8631178707224335,0.5873221216041398,0.6123059718183852,30,283,36,227,"['caidas_1', 'fracturas_1']"
SVC,160,2,0.45306451357652594,0.9043896490990381,0.4461805555555556,0.44509803921568625,0.8631178707224335,0.5873221216041398,0.6123059718183852,30,283,36,227,"['fracturas_1', 'caidas_1']"
SVC,161,2,0.45306451357652594,0.9043896490990381,0.4461805555555556,0.44509803921568625,0.8631178707224335,0.5873221216041398,0.6123059718183852,30,283,36,227,"['fracturas_1', 'caidas_1']"
SVC,162,2,0.45306451357652594,0.9043896490990381,0.4461805555555556,0.44509803921568625,0.8631178707224335,0.5873221216041398,0.6123059718183852,30,283,36,227,"['fracturas_1', 'caidas_1']"
SVC,164,2,0.45306451357652594,0.9043896490990381,0.4461805555555556,0.44509803921568625,0.8631178707224335,0.5873221216041398,0.6123059718183852,30,283,36,227,"['caidas_1', 'fracturas_1']"
SVC,165,2,0.45306451357652594,0.9043896490990381,0.4461805555555556,0.44509803921568625,0.8631178707224335,0.5873221216041398,0.6123059718183852,30,283,36,227,"['fracturas_1', 'caidas_1']"
SVC,167,2,0.45306451357652594,0.9043896490990381,0.4461805555555556,0.44509803921568625,0.8631178707224335,0.5873221216041398,0.6123059718183852,30,283,36,227,"['caidas_1', 'fracturas_1']"
SVC,170,2,0.45306451357652594,0.9043896490990381,0.4461805555555556,0.44509803921568625,0.8631178707224335,0.5873221216041398,0.6123059718183852,30,283,36,227,"['fracturas_1', 'caidas_1']"
SVC,173,2,0.45306451357652594,0.9043896490990381,0.4461805555555556,0.44509803921568625,0.8631178707224335,0.5873221216041398,0.6123059718183852,30,283,36,227,"['fracturas_1', 'caidas_1']"
SVC,174,2,0.45306451357652594,0.9043896490990381,0.4461805555555556,0.44509803921568625,0.8631178707224335,0.5873221216041398,0.6123059718183852,30,283,36,227,"['fracturas_1', 'caidas_1']"
SVC,176,2,0.45306451357652594,0.9043896490990381,0.4461805555555556,0.44509803921568625,0.8631178707224335,0.5873221216041398,0.6123059718183852,30,283,36,227,"['caidas_1', 'fracturas_1']"
SVC,177,2,0.45306451357652594,0.9043896490990381,0.4461805555555556,0.44509803921568625,0.8631178707224335,0.5873221216041398,0.6123059718183852,30,283,36,227,"['fracturas_1', 'caidas_1']"
SVC,178,2,0.45306451357652594,0.9043896490990381,0.4461805555555556,0.44509803921568625,0.8631178707224335,0.5873221216041398,0.6123059718183852,30,283,36,227,"['fracturas_1', 'caidas_1']"
SVC,179,2,0.45306451357652594,0.9043896490990381,0.4461805555555556,0.44509803921568625,0.8631178707224335,0.5873221216041398,0.6123059718183852,30,283,36,227,"['fracturas_1', 'caidas_1']"
SVC,180,2,0.45306451357652594,0.9043896490990381,0.4461805555555556,0.44509803921568625,0.8631178707224335,0.5873221216041398,0.6123059718183852,30,283,36,227,"['caidas_1', 'fracturas_1']"
SVC,181,2,0.45306451357652594,0.9043896490990381,0.4461805555555556,0.44509803921568625,0.8631178707224335,0.5873221216041398,0.6123059718183852,30,283,36,227,"['caidas_1', 'fracturas_1']"
SVC,182,2,0.45306451357652594,0.9043896490990381,0.4461805555555556,0.44509803921568625,0.8631178707224335,0.5873221216041398,0.6123059718183852,30,283,36,227,"['fracturas_1', 'caidas_1']"
SVC,184,2,0.45306451357652594,0.9043896490990381,0.4461805555555556,0.44509803921568625,0.8631178707224335,0.5873221216041398,0.6123059718183852,30,283,36,227,"['fracturas_1', 'caidas_1']"
SVC,185,2,0.45306451357652594,0.9043896490990381,0.4461805555555556,0.44509803921568625,0.8631178707224335,0.5873221216041398,0.6123059718183852,30,283,36,227,"['fracturas_1', 'caidas_1']"
SVC,186,2,0.45306451357652594,0.9043896490990381,0.4461805555555556,0.44509803921568625,0.8631178707224335,0.5873221216041398,0.6123059718183852,30,283,36,227,"['caidas_1', 'fracturas_1']"
SVC,187,2,0.45306451357652594,0.9043896490990381,0.4461805555555556,0.44509803921568625,0.8631178707224335,0.5873221216041398,0.6123059718183852,30,283,36,227,"['fracturas_1', 'caidas_1']"
SVC,188,2,0.45306451357652594,0.9043896490990381,0.4461805555555556,0.44509803921568625,0.8631178707224335,0.5873221216041398,0.6123059718183852,30,283,36,227,"['caidas_1', 'fracturas_1']"
SVC,190,2,0.45306451357652594,0.9043896490990381,0.4461805555555556,0.44509803921568625,0.8631178707224335,0.5873221216041398,0.6123059718183852,30,283,36,227,"['fracturas_1', 'caidas_1']"
SVC,192,2,0.45306451357652594,0.9043896490990381,0.4461805555555556,0.44509803921568625,0.8631178707224335,0.5873221216041398,0.6123059718183852,30,283,36,227,"['fracturas_1', 'caidas_1']"
SVC,193,2,0.45306451357652594,0.9043896490990381,0.4461805555555556,0.44509803921568625,0.8631178707224335,0.5873221216041398,0.6123059718183852,30,283,36,227,"['caidas_1', 'fracturas_1']"
SVC,194,2,0.45306451357652594,0.9043896490990381,0.4461805555555556,0.44509803921568625,0.8631178707224335,0.5873221216041398,0.6123059718183852,30,283,36,227,"['caidas_1', 'fracturas_1']"
SVC,196,2,0.45306451357652594,0.9043896490990381,0.4461805555555556,0.44509803921568625,0.8631178707224335,0.5873221216041398,0.6123059718183852,30,283,36,227,"['caidas_1', 'fracturas_1']"
SVC,198,2,0.45306451357652594,0.9043896490990381,0.4461805555555556,0.44509803921568625,0.8631178707224335,0.5873221216041398,0.6123059718183852,30,283,36,227,"['fracturas_1', 'caidas_1']"
SVC,199,2,0.45306451357652594,0.9043896490990381,0.4461805555555556,0.44509803921568625,0.8631178707224335,0.5873221216041398,0.6123059718183852,30,283,36,227,"['caidas_1', 'fracturas_1']"
SVC,25,40,0.6292198691693699,0.7248882265275708,0.6302083333333334,0.5862068965517241,0.6463878326996197,0.6148282097649186,0.6102792710108824,193,120,93,170,"['estado_elastografia_1', 'pulso', 'ratio_albumina_creatinina', 'tamano_manguito_pa_5.0', 'edad_an', 'intentos_totales_elasto', 'albumina_orina_mg_l', 'tamano_manguito_pa_4.0', 'linfocitos_abs', 'peso_flebotomia', 'tiempo_seg_cond4', 'volumen_plaquetario_medio', 'caidas_1', 'eritrocitos_totales', 'raza_etnia_2.0', 'medicacion_osteoporosis_1', 'ldl_martin_mmol_l', 'tiempo_seg_cond3', 'genero_1', 'fracturas_1', 'largo_pierna_superior_cm', 'monocitos_abs', 'hemoglobina_g_dl', 'volumen_corpuscular_medio', 'periodo_examen_1', 'peso_kg', 'selenio_sangre_umol_l', ""tipo_sonda_elasto_b'M'"", 'cap_mediana_db_m', 'eosinofilos_abs', 'pais_nacimiento_1', 'plaquetas_totales', 'trigliceridos_mmol_l', 'elegibilidad_balance_1', 'estado_examen_balance_1', 'cadmio_sangre_nmol_l', 'ratio_pobreza', 'convulsiones_1', 'raza_etnia_3.0', 'cap_iqr']"
SVC,27,27,0.6174494561591335,0.7544777130470126,0.6128472222222222,0.5641025641025641,0.6692015209125475,0.6121739130434782,0.6061421468265574,177,136,87,176,"['aprueba_cond4_1', 'tamano_manguito_pa_5.0', 'edad_an', ""tipo_sonda_elasto_b'XL'"", 'largo_pierna_superior_cm', 'caidas_1', 'eosinofilos_abs', 'hdl_mmol_l', 'estado_examen_balance_1', 'estado_elastografia_1', 'cadmio_sangre_nmol_l', 'raza_etnia_4.0', 'tamano_manguito_pa_4.0', 'peso_kg', 'tiempo_seg_cond2', 'trigliceridos_mmol_l', 'eritrocitos_totales', 'plomo_sangre_umol_l', 'psu', ""tipo_sonda_elasto_b'M'"", 'ldl_martin_mmol_l', 'raza_etnia_6.0', 'volumen_plaquetario_medio', 'convulsiones_1', 'periodo_examen_1', 'raza_etnia_7.0', 'cap_mediana_db_m']"
LogisticRegression,16,21,0.6414293850791031,0.6754098360655737,0.640625,0.6068702290076335,0.6045627376425855,0.6057142857142858,0.6059472324616143,210,103,104,159,"['hemoglobina_g_dl', 'ratio_pobreza', 'tamano_manguito_pa_5.0', ""tipo_sonda_elasto_b'M'"", 'leucocitos_totales', 'edad_an', 'plaquetas_totales', 'pais_nacimiento_1', 'medicacion_osteoporosis_1', 'fracturas_1', 'rigidez_mediana_kpa', 'intentos_totales_elasto', 'estado_elastografia_1', 'monocitos_abs', 'eosinofilos_abs', 'linfocitos_abs', 'trigliceridos_mmol_l', 'pulso', 'raza_etnia_3.0', 'hdl_mmol_l', 'peso_kg']"
LogisticRegression,21,29,0.6422709759988735,0.6491396829697873,0.6319444444444444,0.5934065934065934,0.6159695817490495,0.6044776119402985,0.6024317887435758,202,111,101,162,"['ratio_pobreza', 'tamano_manguito_pa_5.0', 'tiempo_seg_cond1', 'aprueba_cond4_1', 'ldl_martin_mmol_l', 'altura_cm', 'plaquetas_totales', 'trigliceridos_mmol_l', 'elegibilidad_balance_1', 'albumina_orina_mg_l', 'medicacion_osteoporosis_1', 'peso_kg', 'estado_examen_balance_1', 'intentos_totales_elasto', 'tiempo_seg_cond4', 'neutrofilos_abs', 'raza_etnia_2.0', 'cap_mediana_db_m', 'proteina_c_reactiva_mg_l', 'estado_elastografia_1', 'cadmio_sangre_nmol_l', 'eosinofilos_abs', 'hdl_mmol_l', 'pulso', 'hemoglobina_g_dl', 'ancho_distribucion_eritrocitos', 'genero_1', 'monocitos_abs', 'linfocitos_abs']"
LogisticRegression,19,24,0.62590124838918,0.6886736214605067,0.6354166666666666,0.6,0.6045627376425855,0.6022727272727273,0.6018250950570342,207,106,104,159,"['peso_kg', 'plomo_sangre_umol_l', 'ratio_iqr_mediana', 'linfocitos_abs', 'tamano_manguito_pa_5.0', 'volumen_plaquetario_medio', 'fracturas_1', 'ratio_albumina_creatinina', 'ldl_martin_mmol_l', 'cap_iqr', 'tamano_hogar', 'ratio_pobreza', 'medicacion_osteoporosis_1', 'pulso', 'intentos_totales_elasto', 'altura_cm', 'genero_1', 'elegibilidad_balance_1', 'trigliceridos_mmol_l', 'neutrofilos_abs', 'hemoglobina_g_dl', 'plaquetas_totales', 'edad_an', 'tiempo_seg_cond1']"
SVC,14,41,0.6237371498947818,0.7363229914645711,0.6111111111111112,0.5656565656565656,0.6387832699619772,0.6,0.5949072473787302,184,129,95,168,"['tiempo_seg_cond4', 'raza_etnia_6.0', 'raza_etnia_4.0', 'estado_elastografia_1', 'plomo_sangre_umol_l', 'pulso', 'raza_etnia_2.0', 'cadmio_sangre_nmol_l', 'psu', 'intentos_totales_elasto', 'raza_etnia_7.0', 'tamano_manguito_pa_5.0', 'ldl_martin_mmol_l', 'creatinina_orina_umol_l', 'volumen_plaquetario_medio', 'raza_etnia_3.0', 'hemoglobina_g_dl', 'tamano_manguito_pa_4.0', 'linfocitos_abs', 'neutrofilos_abs', 'selenio_sangre_umol_l', 'peso_kg', 'tamano_hogar', 'genero_1', 'trigliceridos_mmol_l', 'eritrocitos_totales', 'estado_examen_balance_1', 'mercurio_sangre_nmol_l', 'ratio_albumina_creatinina', 'eosinofilos_abs', ""tipo_sonda_elasto_b'XL'"", 'toma_antiacidos_1', 'elegibilidad_balance_1', 'edad_an', 'plaquetas_totales', 'tiempo_seg_cond3', 'peso_flebotomia', 'imc', 'medicacion_osteoporosis_1', 'ratio_pobreza', 'convulsiones_1']"
LogisticRegression,11,29,0.645046562332216,0.647459693808427,0.6215277777777778,0.5818181818181818,0.6083650190114068,0.5947955390334573,0.5924369166954718,198,115,103,160,"['estado_examen_balance_1', 'linfocitos_abs', 'proteina_c_reactiva_mg_l', ""tipo_sonda_elasto_b'XL'"", 'genero_1', 'pulso', 'raza_etnia_2.0', 'cap_mediana_db_m', 'peso_flebotomia', 'rigidez_iqr', 'intentos_totales_elasto', 'tiempo_seg_cond4', 'neutrofilos_abs', 'trigliceridos_mmol_l', 'aprueba_cond4_1', 'medicacion_osteoporosis_1', 'eosinofilos_abs', 'peso_kg', 'hdl_mmol_l', 'ldl_martin_mmol_l', 'caidas_1', 'albumina_orina_mg_l', 'hemoglobina_g_dl', 'altura_cm', 'ancho_distribucion_eritrocitos', 'elegibilidad_balance_1', 'plaquetas_totales', 'cadmio_sangre_nmol_l', 'estado_elastografia_1']"
LogisticRegression,6,3,0.5044433094994892,0.7332475274353069,0.5434027777777778,0.5,0.7262357414448669,0.5922480620155038,0.5904942965779467,122,191,72,191,"['tamano_manguito_pa_3.0', 'tiempo_seg_cond1', 'raza_etnia_4.0']"
LogisticRegression,15,3,0.5097320640243655,0.7282888497493565,0.5364583333333334,0.49473684210526314,0.714828897338403,0.5847589424572317,0.5827736641985191,121,192,75,188,"['cadmio_sangre_nmol_l', 'tamano_manguito_pa_3.0', 'tiempo_seg_cond1']"
LogisticRegression,30,3,0.5097320640243655,0.7282888497493565,0.5364583333333334,0.49473684210526314,0.714828897338403,0.5847589424572317,0.5827736641985191,121,192,75,188,"['tiempo_seg_cond1', 'cadmio_sangre_nmol_l', 'tamano_manguito_pa_3.0']"
LogisticRegression,139,3,0.5097320640243655,0.7282888497493565,0.5364583333333334,0.49473684210526314,0.714828897338403,0.5847589424572317,0.5827736641985191,121,192,75,188,"['tiempo_seg_cond1', 'cadmio_sangre_nmol_l', 'tamano_manguito_pa_3.0']"
LogisticRegression,148,3,0.5097320640243655,0.7282888497493565,0.5364583333333334,0.49473684210526314,0.714828897338403,0.5847589424572317,0.5827736641985191,121,192,75,188,"['cadmio_sangre_nmol_l', 'tamano_manguito_pa_3.0', 'tiempo_seg_cond1']"
LogisticRegression,12,3,0.5125761624167136,0.7117463758298334,0.5329861111111112,0.49206349206349204,0.7072243346007605,0.5803432137285491,0.5781278290783993,121,192,77,186,"['tamano_manguito_pa_3.0', 'cadmio_sangre_nmol_l', 'aprueba_cond4_1']"
LogisticRegression,14,18,0.6241413398939134,0.6935645576480152,0.6041666666666666,0.5641025641025641,0.5855513307984791,0.5746268656716418,0.5726820707809301,194,119,109,154,"['fracturas_1', 'ldl_martin_mmol_l', 'medicacion_osteoporosis_1', 'raza_etnia_6.0', 'raza_etnia_2.0', 'estado_examen_balance_1', 'tamano_hogar', 'toma_suplementos_1', 'pulso', 'edad_an', 'proteina_c_reactiva_mg_l', 'intentos_totales_elasto', 'rigidez_mediana_kpa', ""tipo_sonda_elasto_b'M'"", 'peso_kg', 'periodo_examen_1', 'elegibilidad_balance_1', 'tamano_manguito_pa_4.0']"
LogisticRegression,9,19,0.6213869517652462,0.695230998509687,0.6006944444444444,0.5642023346303502,0.5513307984790875,0.5576923076923077,0.5590537201698451,201,112,118,145,"['tiempo_seg_cond1', 'pulso', 'linfocitos_abs', 'volumen_plaquetario_medio', 'rigidez_mediana_kpa', 'ldl_martin_mmol_l', 'ratio_pobreza', ""tipo_sonda_elasto_b'M'"", 'elegibilidad_balance_1', 'peso_kg', 'tamano_manguito_pa_4.0', 'raza_etnia_2.0', 'toma_suplementos_1', 'intentos_totales_elasto', 'periodo_examen_1', 'medicacion_osteoporosis_1', 'tamano_hogar', 'edad_an', 'proteina_c_reactiva_mg_l']"
LogisticRegression,20,4,0.513159899420062,0.7052025470803414,0.5260416666666666,0.4861111111111111,0.6653992395437263,0.5617977528089888,0.5578263624841571,128,185,88,175,"['tamano_manguito_pa_3.0', 'ratio_iqr_mediana', 'caidas_1', 'cadmio_sangre_nmol_l']"
SVC,2,3,0.6386514025900215,0.26362281533667525,0.6076388888888888,0.6761904761904762,0.26996197718631176,0.3858695652173913,0.5136990765888104,279,34,192,71,"['ratio_iqr_mediana', 'rigidez_iqr', 'ratio_albumina_creatinina']"
SVC,9,3,0.6321458389807536,0.28338978458203495,0.6006944444444444,0.6434782608695652,0.2813688212927757,0.3915343915343915,0.49863448503884933,272,41,189,74,"['rigidez_iqr', 'caidas_1', 'ratio_albumina_creatinina']"
SVC,11,3,0.6321458389807536,0.28338978458203495,0.6006944444444444,0.6434782608695652,0.2813688212927757,0.3915343915343915,0.49863448503884933,272,41,189,74,"['rigidez_iqr', 'ratio_albumina_creatinina', 'caidas_1']"
SVC,43,3,0.6321458389807536,0.28338978458203495,0.6006944444444444,0.6434782608695652,0.2813688212927757,0.3915343915343915,0.49863448503884933,272,41,189,74,"['caidas_1', 'ratio_albumina_creatinina', 'rigidez_iqr']"
SVC,143,3,0.6321458389807536,0.28338978458203495,0.6006944444444444,0.6434782608695652,0.2813688212927757,0.3915343915343915,0.49863448503884933,272,41,189,74,"['ratio_albumina_creatinina', 'caidas_1', 'rigidez_iqr']"
LogisticRegression,5,2,0.6479761904761905,0.22231404958677686,0.59375,0.6593406593406593,0.22813688212927757,0.3389830508474576,0.4868591484561066,282,31,203,60,"['albumina_orina_mg_l', 'medicacion_osteoporosis_1']"
LogisticRegression,17,2,0.6479761904761905,0.22231404958677686,0.59375,0.6593406593406593,0.22813688212927757,0.3389830508474576,0.4868591484561066,282,31,203,60,"['albumina_orina_mg_l', 'medicacion_osteoporosis_1']"
LogisticRegression,35,2,0.6479761904761905,0.22231404958677686,0.59375,0.6593406593406593,0.22813688212927757,0.3389830508474576,0.4868591484561066,282,31,203,60,"['albumina_orina_mg_l', 'medicacion_osteoporosis_1']"
LogisticRegression,50,2,0.6479761904761905,0.22231404958677686,0.59375,0.6593406593406593,0.22813688212927757,0.3389830508474576,0.4868591484561066,282,31,203,60,"['albumina_orina_mg_l', 'medicacion_osteoporosis_1']"
LogisticRegression,54,2,0.6479761904761905,0.22231404958677686,0.59375,0.6593406593406593,0.22813688212927757,0.3389830508474576,0.4868591484561066,282,31,203,60,"['albumina_orina_mg_l', 'medicacion_osteoporosis_1']"
LogisticRegression,63,2,0.6479761904761905,0.22231404958677686,0.59375,0.6593406593406593,0.22813688212927757,0.3389830508474576,0.4868591484561066,282,31,203,60,"['albumina_orina_mg_l', 'medicacion_osteoporosis_1']"
LogisticRegression,66,2,0.6479761904761905,0.22231404958677686,0.59375,0.6593406593406593,0.22813688212927757,0.3389830508474576,0.4868591484561066,282,31,203,60,"['albumina_orina_mg_l', 'medicacion_osteoporosis_1']"
LogisticRegression,87,2,0.6479761904761905,0.22231404958677686,0.59375,0.6593406593406593,0.22813688212927757,0.3389830508474576,0.4868591484561066,282,31,203,60,"['albumina_orina_mg_l', 'medicacion_osteoporosis_1']"
LogisticRegression,96,2,0.6479761904761905,0.22231404958677686,0.59375,0.6593406593406593,0.22813688212927757,0.3389830508474576,0.4868591484561066,282,31,203,60,"['medicacion_osteoporosis_1', 'albumina_orina_mg_l']"
LogisticRegression,114,2,0.6479761904761905,0.22231404958677686,0.59375,0.6593406593406593,0.22813688212927757,0.3389830508474576,0.4868591484561066,282,31,203,60,"['medicacion_osteoporosis_1', 'albumina_orina_mg_l']"
LogisticRegression,118,2,0.6479761904761905,0.22231404958677686,0.59375,0.6593406593406593,0.22813688212927757,0.3389830508474576,0.4868591484561066,282,31,203,60,"['medicacion_osteoporosis_1', 'albumina_orina_mg_l']"
LogisticRegression,124,2,0.6479761904761905,0.22231404958677686,0.59375,0.6593406593406593,0.22813688212927757,0.3389830508474576,0.4868591484561066,282,31,203,60,"['medicacion_osteoporosis_1', 'albumina_orina_mg_l']"
LogisticRegression,132,2,0.6479761904761905,0.22231404958677686,0.59375,0.6593406593406593,0.22813688212927757,0.3389830508474576,0.4868591484561066,282,31,203,60,"['medicacion_osteoporosis_1', 'albumina_orina_mg_l']"
LogisticRegression,134,2,0.6479761904761905,0.22231404958677686,0.59375,0.6593406593406593,0.22813688212927757,0.3389830508474576,0.4868591484561066,282,31,203,60,"['medicacion_osteoporosis_1', 'albumina_orina_mg_l']"
LogisticRegression,143,2,0.6479761904761905,0.22231404958677686,0.59375,0.6593406593406593,0.22813688212927757,0.3389830508474576,0.4868591484561066,282,31,203,60,"['medicacion_osteoporosis_1', 'albumina_orina_mg_l']"
LogisticRegression,158,2,0.6479761904761905,0.22231404958677686,0.59375,0.6593406593406593,0.22813688212927757,0.3389830508474576,0.4868591484561066,282,31,203,60,"['medicacion_osteoporosis_1', 'albumina_orina_mg_l']"
LogisticRegression,166,2,0.6479761904761905,0.22231404958677686,0.59375,0.6593406593406593,0.22813688212927757,0.3389830508474576,0.4868591484561066,282,31,203,60,"['albumina_orina_mg_l', 'medicacion_osteoporosis_1']"
LogisticRegression,173,2,0.6479761904761905,0.22231404958677686,0.59375,0.6593406593406593,0.22813688212927757,0.3389830508474576,0.4868591484561066,282,31,203,60,"['medicacion_osteoporosis_1', 'albumina_orina_mg_l']"
LogisticRegression,175,2,0.6479761904761905,0.22231404958677686,0.59375,0.6593406593406593,0.22813688212927757,0.3389830508474576,0.4868591484561066,282,31,203,60,"['albumina_orina_mg_l', 'medicacion_osteoporosis_1']"
LogisticRegression,188,2,0.6479761904761905,0.22231404958677686,0.59375,0.6593406593406593,0.22813688212927757,0.3389830508474576,0.4868591484561066,282,31,203,60,"['medicacion_osteoporosis_1', 'albumina_orina_mg_l']"
LogisticRegression,0,2,0.6572344351643664,0.21079799485164613,0.5868055555555556,0.6262626262626263,0.23574144486692014,0.3425414364640884,0.47005415370434384,276,37,201,62,"['albumina_orina_mg_l', 'fracturas_1']"
LogisticRegression,4,2,0.6572344351643664,0.21079799485164613,0.5868055555555556,0.6262626262626263,0.23574144486692014,0.3425414364640884,0.47005415370434384,276,37,201,62,"['albumina_orina_mg_l', 'fracturas_1']"
LogisticRegression,33,2,0.6572344351643664,0.21079799485164613,0.5868055555555556,0.6262626262626263,0.23574144486692014,0.3425414364640884,0.47005415370434384,276,37,201,62,"['albumina_orina_mg_l', 'fracturas_1']"
LogisticRegression,48,2,0.6572344351643664,0.21079799485164613,0.5868055555555556,0.6262626262626263,0.23574144486692014,0.3425414364640884,0.47005415370434384,276,37,201,62,"['fracturas_1', 'albumina_orina_mg_l']"
LogisticRegression,51,2,0.6572344351643664,0.21079799485164613,0.5868055555555556,0.6262626262626263,0.23574144486692014,0.3425414364640884,0.47005415370434384,276,37,201,62,"['fracturas_1', 'albumina_orina_mg_l']"
LogisticRegression,53,2,0.6572344351643664,0.21079799485164613,0.5868055555555556,0.6262626262626263,0.23574144486692014,0.3425414364640884,0.47005415370434384,276,37,201,62,"['fracturas_1', 'albumina_orina_mg_l']"
LogisticRegression,56,2,0.6572344351643664,0.21079799485164613,0.5868055555555556,0.6262626262626263,0.23574144486692014,0.3425414364640884,0.47005415370434384,276,37,201,62,"['fracturas_1', 'albumina_orina_mg_l']"
LogisticRegression,61,2,0.6572344351643664,0.21079799485164613,0.5868055555555556,0.6262626262626263,0.23574144486692014,0.3425414364640884,0.47005415370434384,276,37,201,62,"['fracturas_1', 'albumina_orina_mg_l']"
LogisticRegression,69,2,0.6572344351643664,0.21079799485164613,0.5868055555555556,0.6262626262626263,0.23574144486692014,0.3425414364640884,0.47005415370434384,276,37,201,62,"['fracturas_1', 'albumina_orina_mg_l']"
LogisticRegression,71,2,0.6572344351643664,0.21079799485164613,0.5868055555555556,0.6262626262626263,0.23574144486692014,0.3425414364640884,0.47005415370434384,276,37,201,62,"['albumina_orina_mg_l', 'fracturas_1']"
LogisticRegression,80,2,0.6572344351643664,0.21079799485164613,0.5868055555555556,0.6262626262626263,0.23574144486692014,0.3425414364640884,0.47005415370434384,276,37,201,62,"['fracturas_1', 'albumina_orina_mg_l']"
LogisticRegression,82,2,0.6572344351643664,0.21079799485164613,0.5868055555555556,0.6262626262626263,0.23574144486692014,0.3425414364640884,0.47005415370434384,276,37,201,62,"['fracturas_1', 'albumina_orina_mg_l']"
LogisticRegression,122,2,0.6572344351643664,0.21079799485164613,0.5868055555555556,0.6262626262626263,0.23574144486692014,0.3425414364640884,0.47005415370434384,276,37,201,62,"['albumina_orina_mg_l', 'fracturas_1']"
LogisticRegression,125,2,0.6572344351643664,0.21079799485164613,0.5868055555555556,0.6262626262626263,0.23574144486692014,0.3425414364640884,0.47005415370434384,276,37,201,62,"['fracturas_1', 'albumina_orina_mg_l']"
LogisticRegression,126,2,0.6572344351643664,0.21079799485164613,0.5868055555555556,0.6262626262626263,0.23574144486692014,0.3425414364640884,0.47005415370434384,276,37,201,62,"['fracturas_1', 'albumina_orina_mg_l']"
LogisticRegression,141,2,0.6572344351643664,0.21079799485164613,0.5868055555555556,0.6262626262626263,0.23574144486692014,0.3425414364640884,0.47005415370434384,276,37,201,62,"['albumina_orina_mg_l', 'fracturas_1']"
LogisticRegression,156,2,0.6572344351643664,0.21079799485164613,0.5868055555555556,0.6262626262626263,0.23574144486692014,0.3425414364640884,0.47005415370434384,276,37,201,62,"['fracturas_1', 'albumina_orina_mg_l']"
LogisticRegression,171,2,0.6572344351643664,0.21079799485164613,0.5868055555555556,0.6262626262626263,0.23574144486692014,0.3425414364640884,0.47005415370434384,276,37,201,62,"['albumina_orina_mg_l', 'fracturas_1']"
LogisticRegression,176,2,0.6572344351643664,0.21079799485164613,0.5868055555555556,0.6262626262626263,0.23574144486692014,0.3425414364640884,0.47005415370434384,276,37,201,62,"['fracturas_1', 'albumina_orina_mg_l']"
LogisticRegression,198,2,0.6572344351643664,0.21079799485164613,0.5868055555555556,0.6262626262626263,0.23574144486692014,0.3425414364640884,0.47005415370434384,276,37,201,62,"['albumina_orina_mg_l', 'fracturas_1']"
SVC,4,2,0.6606133362435883,0.19066522151469992,0.5711805555555556,0.7,0.10646387832699619,0.1848184818481848,0.4625855513307985,301,12,235,28,"['ratio_albumina_creatinina', 'psu']"
SVC,5,2,0.6606133362435883,0.19066522151469992,0.5711805555555556,0.7,0.10646387832699619,0.1848184818481848,0.4625855513307985,301,12,235,28,"['psu', 'ratio_albumina_creatinina']"
SVC,1,3,0.6738844177893414,0.16638666847310662,0.5798611111111112,0.647887323943662,0.17490494296577946,0.2754491017964072,0.458694371552509,288,25,217,46,"['ratio_albumina_creatinina', 'albumina_orina_mg_l', 'fracturas_1']"
SVC,28,3,0.6738844177893414,0.16638666847310662,0.5798611111111112,0.647887323943662,0.17490494296577946,0.2754491017964072,0.458694371552509,288,25,217,46,"['albumina_orina_mg_l', 'fracturas_1', 'ratio_albumina_creatinina']"
